title,year,length,budget,rating,mpaa,genres
$windle,2002,93,NA,5.3,R,"action, drama"
'R Xmas,2001,83,NA,4.9,R,drama
100 Mile Rule,2002,98,1100000,5.6,R,comedy
13 Dead Men,2003,85,NA,2.2,R,action
13 Going On 30,2004,98,37000000,6.4,PG-13,"drama, comedy, romance"
13 Moons,2002,93,NA,5.6,R,comedy
15 Minutes,2001,120,42000000,6.1,R,drama
19 Months,2002,77,NA,5.3,R,comedy
2 Fast 2 Furious,2003,107,76000000,5.1,PG-13,action
2009: Lost Memories,2002,136,NA,6.6,R,"action, drama"
2046,2004,129,12000000,7.6,R,"drama, romance"
21 Grams,2003,124,20000000,8,R,drama
24 Hour Party People,2002,117,NA,7.2,R,"drama, comedy"
25th Hour,2002,135,15000000,7.8,R,drama
29 Palms,2002,93,NA,4.7,R,"drama, comedy"
2BPerfectlyHonest,2004,88,NA,7.3,R,"drama, comedy"
3-Way,2004,88,NA,4.6,R,drama
30 Years to Life,2001,110,NA,5.1,R,"drama, comedy, romance"
3000 Miles to Graceland,2001,125,62000000,5.4,R,"action, comedy"
40 Days and 40 Nights,2002,96,17000000,5.4,R,"drama, comedy, romance"
"4th Tenor, The",2002,97,NA,4.2,PG-13,"comedy, romance"
50 First Dates,2004,99,75000000,6.8,PG-13,"comedy, romance"
"51st State, The",2001,92,28000000,6.1,R,"action, comedy"
5x2,2004,90,NA,6.6,R,"drama, romance"
8 Mile,2002,110,41000000,6.8,R,drama
8 femmes,2002,111,NA,7.1,R,comedy
800 balas,2002,124,NA,6.5,R,comedy
AKA,2002,123,NA,6,R,drama
AVP: Alien Vs. Predator,2004,102,45000000,5.4,PG-13,action
Abandon,2002,99,25000000,4.7,PG-13,drama
Ablaze,2001,97,NA,3.6,R,"action, drama"
About Schmidt,2002,125,30000000,7.3,R,"drama, comedy"
About a Boy,2002,101,27000000,7.5,PG-13,"drama, comedy"
Absolon,2003,96,8000000,4.1,R,action
According to Spencer,2001,95,NA,4.1,R,"comedy, romance"
"Actors, The",2003,91,NA,5.6,R,comedy
Acts of Worship,2001,94,NA,6.2,R,drama
Adaptation.,2002,114,19000000,7.9,R,"drama, comedy"
"Adventures of Pluto Nash, The",2002,95,100000000,3.9,PG-13,"action, comedy"
"Affair of the Necklace, The",2001,118,NA,6,R,drama
After the Sunset,2004,97,58000000,6,PG-13,"action, comedy"
Against the Ropes,2004,111,NA,5.2,PG-13,drama
Agent Cody Banks,2003,102,26000000,5.5,PG,"action, comedy"
Agent Cody Banks 2: Destination London,2004,100,26000000,3.8,PG,"action, comedy"
"Agronomist, The",2003,90,NA,7.3,PG-13,documentary
Aileen: Life and Death of a Serial Killer,2003,89,NA,7.2,R,documentary
Air Marshal,2003,90,500000,3,R,action
"Alamo, The",2004,137,95000000,5.9,PG-13,"action, drama"
Alex & Emma,2003,96,NA,5.3,PG-13,"drama, comedy, romance"
Alex in Wonder,2001,96,NA,6.3,R,drama
Alexander,2004,175,150000000,5.5,R,drama
Alfie,2004,103,60000000,6,R,"drama, comedy"
Ali,2001,165,107000000,6.4,R,drama
Ali G Indahouse,2002,88,NA,5.8,R,comedy
Alien Hunter,2003,92,NA,5,R,action
Alive,2004,85,NA,3.9,R,"drama, comedy"
All About You,2001,100,NA,6.2,PG,"drama, comedy, romance"
All About the Benjamins,2002,95,14000000,5.4,R,"action, comedy"
All Night Bodega,2002,90,NA,5.7,R,drama
All Over the Guy,2001,95,NA,6.4,R,"comedy, romance"
All the Queen's Men,2001,105,25000000,5,PG-13,"action, drama, comedy"
All the Real Girls,2003,108,1000000,6.8,R,"drama, romance"
Almost Salinas,2001,92,NA,6.4,PG,"drama, comedy"
Alone in the Dark,2005,96,20000000,2.1,R,action
Along Came Polly,2004,90,42000000,5.8,PG-13,"comedy, romance"
Along Came a Spider,2001,104,28000000,6.1,R,drama
Amandla! A Revolution In Four Part Harmony,2002,108,NA,7.3,PG-13,documentary
Amar te duele,2002,104,NA,7.1,R,"drama, romance"
Amazons and Gladiators,2001,89,NA,4,R,"action, drama"
America's Sweethearts,2001,102,48000000,5.8,PG-13,"comedy, romance"
American Adobo,2001,104,NA,4.3,R,comedy
American Chai,2001,92,NA,6.1,R,"drama, comedy"
American Gun,2002,89,NA,6,R,drama
American Outlaws,2001,94,35000000,5.5,PG-13,"action, comedy"
American Pie 2,2001,105,30000000,6.3,R,comedy
"American Rhapsody, An",2001,106,NA,7,PG-13,drama
American Splendor,2003,101,NA,7.8,R,"drama, comedy"
American Wedding,2003,103,55000000,6.3,R,comedy
Amy's Orgasm,2001,87,NA,5.3,R,"comedy, romance"
Analyze That,2002,96,NA,5.5,R,comedy
"Anarchist Cookbook, The",2002,101,NA,5.5,R,"drama, comedy, romance"
Anchorman: The Legend of Ron Burgundy,2004,104,26000000,6.5,PG-13,comedy
Ancient Warriors,2001,93,NA,3.8,R,action
And Now... Ladies and Gentlemen...,2002,122,NA,5.8,PG-13,"drama, romance"
Angel Eyes,2001,102,38000000,5.6,R,"drama, romance"
Angela,2002,91,NA,5.8,R,"drama, romance"
Anger Management,2003,106,75000000,6,PG-13,comedy
"Anglaise et le duc, L'",2001,125,NA,6.8,PG-13,drama
"Animal, The",2001,84,22000000,4.8,R,comedy
"Animatrix: Final Flight of the Osiris, The",2003,11,5000000,7.6,PG-13,"action, animation, short"
"Anniversary Party, The",2001,115,NA,6.4,R,"drama, comedy"
Antitrust,2001,108,30000000,6,PG-13,drama
Antwone Fisher,2002,117,12500000,7.4,PG-13,drama
Anything Else,2003,108,18000000,6.5,R,"comedy, romance"
Aquanoids,2003,78,NA,2.2,R,action
Ararat,2002,115,NA,7.1,R,drama
Are We There Yet?,2005,95,32000000,3.5,PG,comedy
"Arena, The",2001,92,NA,2.8,R,"action, drama"
Around the Bend,2004,85,NA,6,R,drama
Around the World in 80 Days,2004,120,110000000,5.7,PG,"action, comedy, romance"
Art Heist,2004,98,NA,3.8,R,action
Art of Revenge,2003,88,NA,4.6,R,drama
Artificial Intelligence: AI,2001,146,90000000,6.8,PG-13,drama
Artworks,2003,96,NA,6.1,R,"drama, romance"
"Aryan Couple, The",2004,120,NA,7.4,PG-13,drama
Ash Wednesday,2002,98,NA,5.5,R,drama
Asoka,2001,169,NA,6.5,R,"action, drama, romance"
Assassination Tango,2002,114,NA,6.1,R,drama
"Assassination of Richard Nixon, The",2004,95,NA,7.1,R,drama
Assault on Precinct 13,2005,109,20000000,6.3,R,"action, drama"
Atanarjuat,2001,168,NA,7.3,R,drama
Atlantis: The Lost Empire,2001,95,90000000,6.4,PG,"action, animation"
"Auberge espagnole, L'",2002,117,NA,7.3,R,"drama, comedy, romance"
Austin Powers in Goldmember,2002,94,63000000,6.2,PG-13,"action, comedy"
Auto Focus,2002,105,7000000,6.7,R,drama
Avalon,2001,106,8000000,6.8,R,"drama, animation"
Avenging Angelo,2002,96,NA,4.6,R,"action, comedy"
"Aviator, The",2004,170,116000000,7.5,PG-13,drama
Baby Boy,2001,130,16000000,6.2,R,"drama, romance"
BachelorMan,2003,87,NA,5.1,R,comedy
"Back Lot Murders, The",2002,90,NA,3.7,R,comedy
Bad Boys II,2003,145,130000000,6.1,R,"action, comedy"
Bad Company,2002,116,70000000,5.4,PG-13,"action, comedy"
Bad Santa,2003,98,18000000,7.2,R,comedy
"Badge, The",2002,103,6000000,6.3,R,"action, drama"
Ball in the House,2001,95,NA,5.8,R,"drama, comedy"
"Ballad of Jack and Rose, The",2005,112,1500000,6.2,R,drama
Ballistic: Ecks vs. Sever,2002,91,70000000,3.4,R,action
Bandits,2001,123,80000000,6.7,PG-13,"drama, comedy, romance"
"Banger Sisters, The",2002,98,10000000,5.6,R,"drama, comedy"
Baptists at Our Barbecue,2004,92,500000,5.9,PG,"comedy, romance"
Baran,2001,94,NA,7.8,PG,"drama, romance"
Barbershop,2002,102,12000000,6.6,PG-13,"drama, comedy"
Barbershop 2: Back in Business,2004,106,18000000,5.7,PG-13,comedy
Bark!,2002,100,NA,4.3,R,comedy
Bartleby,2001,83,NA,6.1,PG-13,"drama, comedy"
Basic,2003,98,50000000,6.2,R,drama
"Battle of Shaker Heights, The",2003,90,1000000,6,PG-13,"drama, comedy, romance"
BattleQueen 2020,2001,95,NA,2.9,R,action
"Baxter, The",2005,91,NA,9.1,PG-13,"drama, comedy, romance"
Be Cool,2005,118,53000000,5.5,PG-13,comedy
"Beautiful Country, The",2004,137,6000000,6.9,R,drama
"Beautiful Mind, A",2001,135,60000000,7.8,PG-13,drama
Beauty Shop,2005,104,NA,4.6,PG-13,comedy
Because of Winn-Dixie,2005,106,14000000,5.9,PG,"drama, comedy"
Before Sunset,2004,80,10000000,8.3,R,"drama, romance"
Behind Enemy Lines,2001,106,40000000,6.1,PG-13,"action, drama"
Behind the Red Door,2002,105,NA,7,R,drama
Being Julia,2004,104,18000000,7.2,R,"drama, comedy"
"Believer, The",2001,98,NA,7.3,R,drama
Bella Martha,2001,109,NA,7.4,PG,"drama, comedy, romance"
Belly of the Beast,2003,91,18000000,4.2,R,action
Bend It Like Beckham,2002,115,NA,7.3,PG-13,"drama, comedy, romance"
Beneath Loch Ness,2001,96,NA,2.7,PG-13,action
Benji: Off the Leash!,2004,97,NA,4.7,PG,drama
Bereft,2004,98,NA,6,R,drama
"Best Thief in the World, The",2004,93,NA,2.7,R,"drama, comedy"
"Best Two Years, The",2003,112,NA,7,PG,comedy
Betaville,2001,99,NA,5.2,PG-13,comedy
Better Luck Tomorrow,2002,98,250000,7.3,R,drama
Between Strangers,2002,95,NA,6.1,R,drama
Beyond Borders,2003,127,35000000,5.4,R,"drama, romance"
Beyond Re-Animator,2003,96,3000000,6.1,R,comedy
Beyond the City Limits,2001,91,NA,4.5,R,drama
Beyond the Gates of Splendor,2005,96,NA,8.9,PG-13,documentary
Beyond the Sea,2004,118,24000000,6.7,PG-13,drama
Big Bad Love,2001,111,NA,5.6,R,drama
"Big Bounce, The",2004,88,50000000,4.7,PG-13,comedy
"Big Empty, The",2003,94,NA,5.9,R,"drama, comedy"
Big Fat Liar,2002,88,15000000,5.5,PG,comedy
Big Fish,2003,125,70000000,8.1,PG-13,"drama, comedy"
Big Trouble,2002,85,40000000,6.4,PG-13,comedy
Bigger Than the Sky,2005,106,750000,7.3,PG-13,"drama, comedy, romance"
Biggie and Tupac,2002,108,NA,6.9,R,documentary
"Bike Squad, The",2002,79,NA,3,PG,comedy
Biker Boyz,2003,110,NA,4,PG-13,"action, drama"
Billabong Odyssey,2003,87,NA,5.8,PG,"action, documentary"
Bin-jip,2004,95,NA,8,R,"drama, romance"
Birth,2004,100,20000000,6,R,"drama, romance"
Birthday Girl,2001,93,13000000,6.1,R,"drama, comedy, romance"
Bizita Q,2001,84,NA,7.1,R,"drama, comedy"
Black Hawk Down,2001,142,90000000,7.6,R,"action, drama"
Black Knight,2001,95,50000000,4.1,PG-13,comedy
Black Point,2001,100,NA,5.1,R,"action, drama"
Blackball,2003,96,NA,5.1,R,"drama, comedy"
Blackwoods,2002,90,NA,5,R,drama
Blade II,2002,108,55000000,6.6,R,action
Blade: Trinity,2004,124,65000000,5.7,R,action
Blessed,2004,98,NA,4.6,R,drama
Blind Horizon,2003,99,5100000,5.5,R,drama
Blood Feast 2: All U Can Eat,2002,99,NA,4.9,R,comedy
Blood Work,2002,110,50000000,6.3,R,drama
Bloody Mallory,2002,94,NA,4.1,R,"action, comedy"
Bloody Sunday,2002,107,5000000,7.6,R,drama
Bloom,2003,113,NA,4.2,R,"drama, romance"
Blow,2001,124,30000000,7.1,R,drama
Blow Dry,2001,87,NA,6.1,R,"drama, comedy, romance"
Blue Car,2002,96,NA,7,R,drama
Blue Collar Comedy Tour: The Movie,2003,105,NA,7.6,PG-13,"comedy, documentary"
Blue Crush,2002,104,30000000,5.7,PG-13,"drama, romance"
"Blue Diner, The",2001,100,NA,5.8,PG-13,drama
Blue Hill Avenue,2001,120,1200000,6.6,R,drama
Blueberry,2004,124,NA,5.2,R,action
Boat Trip,2002,97,20000000,4.5,R,comedy
"Bobby Jones, Stroke of Genius",2004,120,NA,6.2,PG,drama
"Body, The",2001,109,NA,5.3,PG-13,drama
Boksuneun naui geot,2002,121,NA,7.6,R,"action, drama"
Bollywood/Hollywood,2002,105,NA,6.1,PG-13,"drama, comedy, romance"
Bom yeoreum gaeul gyeoul geurigo bom,2003,103,NA,8.2,R,drama
Bon voyage,2003,115,20000000,7.2,PG-13,"drama, comedy"
Boogeyman,2005,89,20000000,4.1,PG-13,drama
Book of Love,2004,83,NA,2.9,R,"drama, comedy"
Bookies,2003,88,NA,5.5,R,"drama, comedy"
Born Into Brothels: Calcutta's Red Light Kids,2004,85,NA,7.8,R,documentary
"Bourne Identity, The",2002,119,75000000,7.3,PG-13,"action, drama"
"Bourne Supremacy, The",2004,108,75000000,7.3,PG-13,"action, drama"
Bowling for Columbine,2002,120,4000000,8.5,R,"drama, comedy, documentary"
Boys On the Run,2001,97,NA,5.3,R,"action, romance"
"Boys of 2nd Street Park, The",2003,91,NA,7.2,R,documentary
"Bread, My Sweet, The",2001,105,600000,6.8,PG-13,"drama, romance"
Breakin' All the Rules,2004,85,NA,5,PG-13,"comedy, romance"
"Breed, The",2001,91,4000000,4.7,R,action
Briar Patch,2003,103,NA,2.5,R,"drama, romance"
Bride & Prejudice,2004,122,7000000,6.3,PG-13,"comedy, romance"
Bride of the Wind,2001,99,12000000,5.2,R,drama
Bridget Jones's Diary,2001,97,26000000,7,R,"comedy, romance"
Bridget Jones: The Edge of Reason,2004,108,70000000,5.7,R,"drama, comedy, romance"
Brigham City,2001,119,1000000,7.1,PG-13,drama
Bright Young Things,2003,105,NA,6.8,R,"drama, comedy"
Bringing Down the House,2003,105,35000000,5.6,PG-13,comedy
Brooklyn Babylon,2001,89,NA,5.6,R,drama
Brooklyn Bound,2004,90,70000,4.2,R,drama
Brown Sugar,2002,109,8000000,5.9,PG-13,"drama, comedy, romance"
Bruce Almighty,2003,101,81000000,6.4,PG-13,"comedy, romance"
Bubba Ho-tep,2002,92,1000000,7.5,R,comedy
Bubble Boy,2001,84,13000000,5.1,PG-13,"drama, comedy, romance"
Buck Naked Arson,2001,85,NA,6.5,R,"drama, comedy"
Buffalo Soldiers,2001,98,15000000,7,R,"drama, comedy"
Bug Off!,2001,84,NA,3.2,PG,comedy
Bulletproof Monk,2003,104,52000000,5.2,PG-13,"action, comedy"
Bully,2001,113,NA,7,R,drama
Bush's Brain,2004,80,NA,6.8,PG-13,documentary
"Business of Strangers, The",2001,84,NA,6.4,R,drama
"Butterfly Effect, The",2004,120,13000000,7.6,R,drama
Buying the Cow,2002,88,NA,5.6,R,comedy
CQ,2001,91,7000000,6.4,R,"drama, comedy"
Cachorro,2004,100,NA,7.4,R,"drama, comedy"
"Calcium Kid, The",2004,89,NA,5.4,R,comedy
Calendar Girls,2003,108,NA,7.1,PG-13,"drama, comedy"
Camp,2003,114,NA,6.6,PG-13,"drama, comedy"
Captain Corelli's Mandolin,2001,131,57000000,5.9,R,"drama, romance"
Carandiru,2003,147,6000000,7.7,R,drama
Carman: The Champion,2001,82,NA,4.6,PG-13,"action, drama"
Casa de los babys,2003,95,NA,6.7,R,drama
"Cat in the Hat, The",2003,82,109000000,3.2,PG,comedy
"Cat's Meow, The",2001,114,NA,6.5,PG-13,drama
Catch Me If You Can,2002,141,52000000,7.6,PG-13,drama
Catch That Kid,2004,91,18000000,4.5,PG,"action, comedy"
Cats & Dogs,2001,87,60000000,5.4,PG,comedy
Catwoman,2004,104,85000000,3.4,PG-13,action
Cavedweller,2004,101,NA,4.8,R,drama
"Caveman's Valentine, The",2001,105,NA,6,R,drama
Cellular,2004,94,25000000,6.4,PG-13,action
Celsius 41.11: The Temperature at Which the Brain... Begins to Die,2004,72,NA,3.8,R,documentary
Century Hotel,2001,95,NA,6.7,R,"drama, romance"
Cero y van cuatro,2004,92,NA,7.3,R,comedy
Changing Lanes,2002,99,45000000,6.6,R,drama
Charlie,2004,94,5000000,5,R,drama
Charlie's Angels: Full Throttle,2003,107,120000000,5,PG-13,"action, comedy"
Charlotte Gray,2001,121,NA,6.3,PG-13,"drama, romance"
Charlotte Sometimes,2002,85,80000,4.6,R,drama
Charly,2002,103,950000,5.5,PG,"drama, comedy, romance"
Chasing Destiny,2001,91,NA,4.9,PG-13,"drama, comedy, romance"
Chasing Holden,2001,101,NA,5,R,drama
Chasing Liberty,2004,111,23000000,5.7,PG-13,"comedy, romance"
Chasing Papi,2003,81,NA,4.2,PG,comedy
Cheaper by the Dozen,2003,98,40000000,5.8,PG,"drama, comedy"
Cheats,2002,90,NA,5.9,PG-13,"comedy, romance"
Cheerleader Ninjas,2002,96,NA,3.1,R,"action, comedy"
Chek law dak gung,2002,90,NA,5.4,R,"action, romance"
Chelsea Walls,2001,109,NA,4.3,R,drama
Cherish,2002,99,1500000,6.5,R,"drama, comedy"
Chicago,2002,113,45000000,7.5,PG-13,"drama, comedy"
Chik yeung tin sai,2002,106,NA,6.8,R,"action, comedy, romance"
Children On Their Birthdays,2002,102,10000000,6,PG,drama
Chin gei bin,2003,102,NA,5.8,R,"action, comedy"
Chooch,2003,81,NA,4,R,"comedy, romance"
Chopin. Pragnienie milosci,2002,134,3500000,4,R,"drama, romance"
Chopper,2001,3,NA,6.4,R,short
"Choristes, Les",2004,96,NA,7.7,PG-13,"drama, romance"
Christmas Carol: The Movie,2001,81,NA,4.9,PG,animation
Christmas with the Kranks,2004,98,60000000,4.5,PG,comedy
"Chronicles of Riddick, The",2004,135,110000000,6.2,PG-13,action
Chrystal,2004,106,NA,3.8,R,drama
Chuen jik sat sau,2001,102,NA,6.8,R,action
Chump Change,2004,87,NA,5,R,"comedy, romance"
Ciao America,2002,100,5000000,4.8,R,"drama, comedy, romance"
Cidade de Deus,2002,135,3300000,8.7,R,drama
"Cinderella Story, A",2004,95,20000000,4.9,PG,"comedy, romance"
"Circuit, The",2002,91,NA,2.8,R,action
City by the Sea,2002,108,60000000,6.3,R,drama
Civil Brand,2002,95,500000,4.1,R,drama
Claustrophobia,2003,79,114000,4.2,R,comedy
"Climb, The",2002,98,2500000,5.2,PG,"action, drama"
Close Enough to Touch,2002,87,NA,3.7,R,drama
Club Dread,2004,119,9000000,5.2,R,comedy
Coach Carter,2005,136,30000000,6.6,PG-13,drama
Coastlines,2002,119,NA,5.7,R,drama
"Cockettes, The",2002,100,300000,6.6,R,documentary
Cockfight,2001,45,NA,7.9,R,documentary
Code 46,2003,92,7500000,6.4,R,"drama, romance"
"Code Conspiracy, The",2001,97,NA,6.1,PG-13,action
Coffee and Cigarettes,2003,95,NA,6.8,R,"drama, comedy"
Cold Creek Manor,2003,118,NA,4.8,R,drama
Cold Mountain,2003,152,83000000,7.4,R,"drama, romance"
Collateral,2004,120,65000000,7.7,R,drama
Collateral Damage,2002,108,85000000,5.2,R,action
Comme une image,2004,110,NA,7.3,PG-13,"drama, comedy, romance"
"Company, The",2003,112,15000000,6.2,PG-13,drama
Confessions of a Dangerous Mind,2002,113,29000000,7.1,R,drama
Confessions of a Teenage Drama Queen,2004,89,15000000,4.4,PG,comedy
Confidence,2003,97,15000000,6.8,R,drama
Confidences trop intimes,2004,104,NA,7,R,drama
Connie and Carla,2004,98,NA,6.1,PG-13,comedy
Controlled Chaos,2003,93,NA,5.1,R,"drama, comedy"
Cookers,2001,96,NA,8.6,R,drama
"Cookout, The",2004,97,NA,3.2,PG-13,comedy
"Cooler, The",2003,101,NA,7,R,"drama, comedy, romance"
"Core, The",2003,135,74000000,5.4,PG-13,"action, drama"
Corky Romano,2001,86,11000000,4.6,PG-13,comedy
Coronado,2003,88,4700000,4.5,PG-13,"action, comedy"
"Count of Monte Cristo, The",2002,134,35000000,7.4,PG-13,"action, drama"
Country of My Skull,2004,104,12000000,5.1,R,drama
Cowboy Up,2001,105,NA,5.3,PG-13,"drama, romance"
Cradle 2 the Grave,2003,101,25000000,5.3,R,action
Crash,2004,113,6500000,8.3,R,drama
Crazy as Hell,2002,113,NA,5.5,R,drama
Crazy/Beautiful,2001,135,14000000,6.5,PG-13,"drama, romance"
Crime Spree,2003,98,10000000,6.3,R,comedy
"Crimen del padre Amaro, El",2002,118,1800000,7,R,"drama, romance"
Criminal,2004,87,NA,6.4,R,"drama, comedy"
Crocodile Dundee in Los Angeles,2001,92,25000000,4.7,PG,"drama, comedy"
"Crocodile Hunter: Collision Course, The",2002,90,13000000,5.3,PG,comedy
Crossroads,2002,93,12000000,3.1,PG-13,"drama, comedy, romance"
Cube Zero,2004,97,NA,5.7,R,drama
"Curse of the Jade Scorpion, The",2001,103,26000000,6.8,PG-13,"drama, comedy"
Cypher,2002,95,7500000,7.2,R,action
D-Tox,2002,92,55000000,4.7,R,drama
D.E.B.S.,2004,91,3500000,6,PG-13,"action, comedy"
Da wan,2001,100,NA,6,PG,comedy
Daddy Day Care,2003,92,60000000,5.7,PG,comedy
Daddy and Them,2001,101,4000000,5,R,"drama, comedy"
Dahmer,2002,101,NA,5.4,R,drama
Dak miu mai shing,2001,87,NA,5.8,PG-13,"action, comedy"
Dallas 362,2003,100,NA,6.4,R,drama
"Dancer Upstairs, The",2002,133,NA,7,R,drama
"Dangerous Lives of Altar Boys, The",2002,105,12000000,7.2,R,drama
Danny Deckchair,2003,90,NA,6.5,PG-13,comedy
Dare mo shiranai,2004,141,NA,8.2,PG-13,drama
Daredevil,2003,133,75000000,5.7,R,action
Dark Blue,2002,118,15000000,6.6,R,"action, drama"
Dark Descent,2002,96,NA,2.9,R,action
Darkness Falling,2002,85,NA,3.9,R,drama
Dawn of the Dead,2004,109,28000000,7.4,R,"action, drama"
"Day After Tomorrow, The",2004,124,125000000,6.3,PG-13,"action, drama"
"Day Without a Mexican, A",2004,100,1500000,5,R,"drama, comedy"
Day of Defense,2003,102,500000,3,PG,drama
"Day with the Meatball, A",2002,2,NA,5.7,PG,"comedy, short"
De-Lovely,2004,125,NA,6.7,PG-13,"drama, romance"
Dead & Breakfast,2004,88,NA,5.8,R,comedy
Dear Frankie,2004,105,NA,8.4,PG-13,drama
Death to Smoochy,2002,109,55000000,6.3,R,comedy
Deathwatch,2002,94,NA,5.6,R,drama
"Decade Under the Influence, A",2003,108,NA,7,R,documentary
Decoys,2004,95,5000000,4.2,R,comedy
"Deep End, The",2001,101,3000000,6.8,R,drama
"Defender, The",2004,90,6000000,6.3,R,action
Dei seung chui keung,2001,89,NA,4.9,PG-13,action
Deliver Us from Eva,2003,105,NA,5.8,R,"comedy, romance"
Delivering Milo,2001,94,NA,4.9,PG,comedy
Demonlover,2002,117,NA,5.6,R,drama
Derailed,2002,89,18000000,3.4,R,action
Destino,2003,7,1500000,7.8,PG,"animation, short"
Detention,2003,98,10000000,4.1,R,"action, drama"
Detonator,2003,92,NA,4,R,"action, drama"
Deuces Wild,2002,100,10000000,5.3,R,"action, drama"
"Deviants, The",2004,80,NA,5.2,R,comedy
Devil's Harvest,2003,92,NA,3.7,R,drama
Devil's Pond,2003,92,5000000,5.6,R,drama
Devious Beings,2002,97,NA,3.5,R,action
DiG!,2004,107,NA,8,R,documentary
Diarios de motocicleta,2004,128,NA,8,R,drama
Diary of a City Priest,2001,77,NA,6.1,PG-13,drama
Diary of a Mad Black Woman,2005,116,5500000,3.9,PG-13,"drama, comedy"
Diary of a Sex Addict,2001,93,NA,2.9,R,drama
Dickie Roberts: Former Child Star,2003,98,17000000,5.5,PG-13,comedy
Die Another Day,2002,133,142000000,6.4,PG-13,action
"Die, Mommie, Die",2003,90,NA,6.2,R,comedy
"Different Loyalty, A",2004,96,13000000,5,R,"drama, romance"
Direct Action,2004,97,NA,5.3,R,action
Dirt,2001,102,NA,5.5,R,comedy
Dirty Dancing: Havana Nights,2004,86,NA,5.4,PG-13,"drama, romance"
Dirty Deeds,2002,97,NA,6.2,R,comedy
Dirty Pretty Things,2002,97,10000000,7.6,R,drama
"Dirty Shame, A",2004,89,NA,6.1,R,comedy
Disaster,2001,90,NA,2.6,R,action
Divine Secrets of the Ya-Ya Sisterhood,2002,116,27000000,5.5,PG-13,"drama, comedy"
"Divorce, Le",2003,117,NA,4.9,PG-13,"drama, comedy, romance"
Dodgeball: A True Underdog Story,2004,92,20000000,6.6,PG-13,comedy
Dog Gone Love,2004,89,NA,5.8,R,"comedy, romance"
Dog Soldiers,2002,104,NA,6.8,R,action
Dogtown and Z-Boys,2001,91,NA,7.4,PG-13,documentary
Dogville,2003,135,NA,8,R,drama
Dom durakov,2002,104,2500000,6.8,R,drama
Domestic Disturbance,2001,91,53000000,5.4,PG-13,drama
Don't Let Go,2002,87,NA,7.9,R,drama
Don't Say a Word,2001,113,50000000,6.2,R,drama
Donnie Darko,2001,133,4500000,8.3,R,drama
"Door in the Floor, The",2004,111,NA,6.9,R,drama
Dopamine,2003,85,NA,5.2,R,"drama, comedy, romance"
Dot the I,2003,92,NA,6.7,R,"drama, romance"
Double Bang,2001,104,NA,5.2,R,action
Double Deception,2001,87,NA,4.3,R,action
Double Take,2001,91,24000000,4.8,PG-13,"action, comedy"
Double Whammy,2001,100,4000000,5.6,R,"drama, comedy"
Down Time,2001,90,20000,3.5,R,drama
Down and Derby,2005,93,NA,5.8,PG,comedy
Down and Out with the Dolls,2001,88,1200000,6,R,comedy
Down to Earth,2001,87,30000000,5.1,PG-13,"comedy, romance"
Down with Love,2003,101,NA,6.5,PG-13,"comedy, romance"
Dr. Dolittle 2,2001,87,72000000,5.1,PG,comedy
Dragonfly,2002,104,60000000,5.8,PG-13,drama
Dream Warrior,2004,95,NA,2.7,R,action
"Dreamers, The",2003,112,NA,7,R,drama
Driven,2001,116,72000000,4.4,PG-13,"action, drama"
Drumline,2002,118,20000000,5.3,PG-13,"drama, comedy, romance"
Duct Tape Forever,2002,90,NA,5.7,PG,comedy
Duma,2005,100,NA,8.4,PG,drama
Dumb and Dumberer: When Harry Met Lloyd,2003,85,19000000,3.3,PG-13,comedy
Dummy,2002,90,NA,6.8,R,"drama, comedy, romance"
Duplex,2003,89,40000000,5.7,PG-13,comedy
Dust to Glory,2005,97,NA,7.6,PG,"action, documentary"
DysFunktional Family,2003,89,3000000,5.6,R,"comedy, documentary"
Easy,2003,99,NA,4.2,R,"drama, comedy, romance"
Easy Six,2003,90,NA,5,R,"drama, comedy"
Edge of Madness,2002,99,NA,6.4,R,drama
Edges of the Lord,2001,95,7500000,7,R,drama
Eight Crazy Nights,2002,76,NA,4.5,PG-13,"comedy, animation"
Eight Legged Freaks,2002,99,30000000,5.5,PG-13,"action, comedy"
Elektra,2005,96,43000000,4.9,PG-13,action
Elephant,2003,81,3000000,7.3,R,drama
Elf,2003,95,33000000,7,PG,comedy
Ella Enchanted,2004,96,35000000,6.5,PG,"comedy, romance"
Elling,2001,89,NA,7.6,R,"drama, comedy"
Elsker dig for evigt,2002,113,NA,7.7,R,drama
Elvira's Haunted Hills,2001,90,1500000,5.2,PG-13,comedy
Emile,2003,92,NA,6.1,R,drama
Emmett's Mark,2002,104,4500000,6.2,R,drama
Emotional Backgammon,2003,93,NA,1.2,R,drama
"Emperor's Club, The",2002,109,12500000,6.7,PG-13,drama
"Emperor's New Clothes, The",2001,107,NA,7.1,PG,comedy
Empire,2002,90,3500000,6,R,"action, drama"
"Emploi du temps, L'",2001,134,NA,7.2,PG-13,drama
Employee of the Month,2004,97,NA,5.9,R,"drama, comedy"
End of the Law,2003,88,NA,3.3,R,action
Enduring Love,2004,101,NA,6.5,R,drama
Enemy at the Gates,2001,131,70000000,7.3,R,"action, drama, romance"
Enigma,2001,119,NA,6.7,R,"drama, romance"
Enough,2002,115,38000000,4.9,PG-13,drama
Envy,2004,99,40000000,4.3,PG-13,comedy
Equilibrium,2002,107,20000000,7.6,R,action
"Era of Vampire, The",2002,90,1000000,4.2,R,action
Eros,2004,104,NA,5.4,R,drama
Escanaba in da Moonlight,2001,91,1000000,5.5,PG-13,comedy
Escape from Cuba,2003,97,NA,5.7,PG-13,"action, drama"
Esmeraldero,2002,117,NA,3.1,R,"drama, documentary"
"Espinazo del diablo, El",2001,108,4500000,7.4,R,drama
Eternal Sunshine of the Spotless Mind,2004,108,20000000,8.6,R,"drama, comedy, romance"
Eulogy,2004,91,10000000,6.5,R,"drama, comedy"
EuroTrip,2004,90,25000000,6.1,R,comedy
Evelyn,2002,94,10000000,7.1,PG,drama
EvenHand,2002,92,500000,7.3,R,drama
"Event, The",2003,110,NA,6,R,drama
Evergreen,2004,86,NA,5.1,PG-13,drama
Evil Alien Conquerors,2002,89,500000,3.8,PG-13,comedy
Evolution,2001,101,80000000,5.8,PG-13,comedy
Exit Wounds,2001,101,33000000,5.3,R,action
Exorcist: The Beginning,2004,114,30000000,5,R,action
"Experiment, Das",2001,119,NA,7.8,R,drama
Extreme Days,2001,93,NA,4.8,PG,"action, drama, comedy"
Extreme Force,2001,90,NA,4.6,R,action
Extreme Ops,2002,94,40000000,4,PG-13,action
"Face of the Serpent, The",2003,100,NA,5.1,R,action
Fade to Black,2004,109,NA,4.5,R,documentary
Fahrenheit 9/11,2004,122,6000000,7.9,R,documentary
"Falls, The",2003,85,75000,5.7,R,drama
Far from Heaven,2002,107,13500000,7.7,PG-13,"drama, romance"
Fascination,2004,95,5000000,3.3,R,"drama, romance"
"Fast and the Furious, The",2001,106,38000000,5.7,PG-13,action
Faster,2003,103,NA,6.4,PG-13,documentary
Fat Albert,2004,93,NA,4.2,PG,comedy
"Fate ignoranti, Le",2001,109,NA,7.4,R,drama
Fellini: Je suis un grand menteur,2002,105,NA,6.7,R,documentary
Festival Express,2003,90,NA,7.3,R,documentary
Festival in Cannes,2001,100,NA,6.4,PG-13,comedy
"Fetten Jahre sind vorbei, Die",2004,127,NA,7.9,R,"drama, comedy, romance"
Fever Pitch,2005,98,39690000,6.6,PG-13,"comedy, romance"
"Fighting Temptations, The",2003,123,NA,5.2,PG-13,comedy
Final,2001,111,80000,5.2,R,drama
"Final Curtain, The",2002,84,NA,5.4,R,drama
Final Fantasy: The Spirits Within,2001,106,137000000,6.5,PG-13,"action, animation"
Final Solution,2001,110,1500000,7,R,"action, drama"
Finder's Fee,2001,100,NA,5.9,R,drama
Finding Home,2003,124,NA,5.3,PG-13,drama
Finding Neverland,2004,106,NA,8.1,PG,drama
"Finestra di fronte, La",2003,106,NA,7.6,R,"drama, romance"
Fire Over Afghanistan,2003,92,155000,4.5,R,"action, drama"
"First $20 Million Is Always the Hardest, The",2002,105,NA,5.2,PG-13,comedy
Fish Without a Bicycle,2003,97,NA,4.5,R,"drama, comedy, romance"
"Fleur du mal, La",2003,101,NA,6.5,R,drama
Flight of the Phoenix,2004,113,45000000,6,PG-13,action
Flying Virus,2001,95,NA,3.5,R,action
"Fog of War: Eleven Lessons from the Life of Robert S. McNamara, The",2003,107,NA,8.4,PG-13,documentary
"Fond Kiss..., Ae",2004,104,NA,7.3,R,drama
Food of Love,2002,112,NA,6.4,R,drama
Foolproof,2003,94,NA,6.6,R,action
For da Love of Money,2002,97,NA,2.9,R,comedy
"Foreign Affair, A",2003,94,NA,6.3,PG-13,"drama, comedy"
"Foreigner, The",2003,96,20000000,3.1,R,action
Forgive Me Father,2001,138,NA,3.9,R,drama
"Forgotten, The",2004,94,42000000,5.8,PG-13,drama
"Four Feathers, The",2002,125,80000000,6.2,PG-13,drama
"Fourth Angel, The",2001,95,NA,5.4,R,"action, drama"
Frailty,2001,100,11000000,7.4,R,drama
Frankenfish,2004,84,3000000,4.6,R,"action, comedy"
Frankie and Johnny Are Married,2004,95,NA,6,R,comedy
Freaky Friday,2003,97,26000000,6.9,PG,"drama, comedy"
Freddy Got Fingered,2001,87,15000000,3.5,R,comedy
Freddy Vs. Jason,2003,97,25000000,6.1,R,action
Freeze Frame,2004,99,2000000,5.8,R,drama
Frida,2002,123,12000000,7.5,R,drama
Friday After Next,2002,85,20000000,4.9,R,comedy
Friday Night Lights,2004,117,30000000,7,PG-13,drama
Frogmen Operation Stormbringer,2002,90,NA,3.1,R,action
From Justin to Kelly,2003,90,12000000,1.7,PG,"comedy, romance"
Frostbite,2005,83,2400000,2.8,R,comedy
Fubar,2002,76,NA,7.1,R,comedy
Full Clip,2004,95,500000,4.1,R,action
Full Frontal,2002,101,2000000,5,R,"drama, comedy, romance"
G,2002,96,NA,7.9,R,"drama, romance"
G.O.D.,2001,91,NA,4.2,R,action
Gabriela,2001,93,NA,7.4,R,romance
Game Over: Kasparov and the Machine,2003,90,NA,6.7,PG,documentary
"Game of Their Lives, The",2005,101,20000000,6.4,PG,drama
Gang Tapes,2001,91,NA,5.7,R,drama
Gang of Roses,2003,94,NA,2.6,R,"action, drama"
Gangs of New York,2002,166,97000000,7.3,R,drama
Garage Days,2002,106,6000000,5.6,R,"drama, comedy"
Garden State,2004,109,2500000,8.1,R,"drama, comedy, romance"
Garfield,2004,80,50000000,4.8,PG,"comedy, animation"
"Gatekeeper, The",2002,103,NA,6.4,R,drama
Gaudi Afternoon,2001,93,NA,6.4,R,"drama, comedy"
"Gentleman's Game, A",2001,112,NA,6.4,R,drama
Gerry,2002,105,3500000,6,R,drama
"Geschichte vom weinenden Kamel, Die",2003,90,NA,7.4,PG,"drama, documentary"
Get Over It,2001,87,10000000,5.7,PG-13,"comedy, romance"
Get Well Soon,2001,95,NA,5,R,"drama, comedy, romance"
Ghost Rock,2003,101,NA,3.4,R,"action, drama"
Ghosts of Mars,2001,98,28000000,4.6,R,action
Ghosts of the Abyss,2003,43,13000000,6.6,PG,documentary
Gigli,2003,121,54000000,2.3,R,"comedy, romance"
Girl Fever,2002,98,NA,4.7,R,"comedy, romance"
"Girl Next Door, The",2004,110,NA,6.8,R,"comedy, romance"
Girl with a Pearl Earring,2003,100,NA,7.3,PG-13,drama
Glitter,2001,104,22000000,2.1,PG-13,"drama, romance"
Global Effect,2002,92,NA,5.2,R,"action, drama"
Global Heresy,2002,106,12000000,5.7,R,drama
Go Tigers!,2001,103,NA,7.7,R,documentary
Go for Broke,2002,85,NA,4.8,R,comedy
Gods and Generals,2003,209,56000000,5.7,PG-13,"action, drama"
Godsend,2004,102,NA,4.8,PG-13,drama
Going Greek,2001,90,198000,4.8,R,comedy
Going Upriver: The Long War of John Kerry,2004,87,NA,7.8,PG-13,documentary
Going the Distance,2004,93,NA,5.3,R,comedy
Gojira tai Mekagojira,2002,88,NA,6.6,PG,action
Gong fu,2004,99,20000000,7.9,R,"action, comedy"
Good Advice,2001,93,NA,6.1,R,"comedy, romance"
Good Boy!,2003,88,18000000,4.7,PG,"drama, comedy"
Good Bye Lenin!,2003,121,NA,7.8,R,"drama, comedy, romance"
"Good Girl, The",2002,93,5000000,6.9,R,"drama, comedy"
"Good Night to Die, A",2003,100,NA,4.8,R,"action, comedy"
Gosford Park,2001,137,15000000,7.3,R,drama
"Gospel of John, The",2003,180,NA,7.1,PG-13,drama
Grand Theft Parsons,2003,88,NA,5.9,PG-13,"drama, comedy"
Green Dragon,2001,115,NA,6.1,PG-13,drama
"Greenskeeper, The",2002,90,80000,4.7,R,comedy
"Grey Zone, The",2001,108,5000000,7.3,R,drama
"Grey, The",2004,86,NA,8.8,R,drama
Grind,2003,105,NA,4.5,PG-13,comedy
"Groomsmen, The",2001,89,NA,5.5,R,comedy
Guess Who,2005,106,NA,4.9,PG-13,"comedy, romance"
Gunner Palace,2004,85,NA,6.4,PG-13,documentary
"Guru, The",2002,94,11000000,5.9,R,"comedy, romance"
"Guy Thing, A",2003,101,20000000,5.3,PG-13,"comedy, romance"
"Guys, The",2002,85,NA,6.4,PG,drama
Gypsy 83,2001,94,NA,6.6,R,drama
Hable con ella,2002,112,NA,8.1,R,drama
Haiku Tunnel,2001,88,NA,5.9,R,comedy
Hair Show,2004,105,NA,2.6,PG-13,"comedy, romance"
Half Past Dead,2002,98,30000000,3.9,PG-13,action
Happy Campers,2001,94,NA,5.4,R,comedy
Hard Ball,2001,109,21000000,6,PG-13,drama
"Hard Word, The",2002,102,NA,6.1,R,"drama, comedy"
Harold & Kumar Go to White Castle,2004,90,9000000,7.1,R,comedy
Hart's War,2002,125,70000000,6.2,R,drama
Harvard Man,2001,99,5500000,4.9,R,"drama, romance"
Haunted Castle,2001,38,NA,5,PG,"animation, short"
"Haunted Mansion, The",2003,87,90000000,5,PG,comedy
Hauru no ugoku shiro,2004,119,NA,8,PG,"romance, animation"
Haute tension,2003,85,NA,6.8,R,drama
He ni zai yi qi,2002,117,NA,7.3,PG,drama
Head Over Heels,2001,86,14000000,4.9,PG-13,"comedy, romance"
Head in the Clouds,2004,132,NA,5.7,R,"drama, romance"
Head of State,2003,95,NA,5.1,PG-13,comedy
"Heart Is Deceitful Above All Things, The",2004,97,NA,6.1,R,drama
Heart of America,2003,87,3000000,6.1,R,drama
"Heart of Me, The",2002,96,7000000,6.2,R,"drama, romance"
Heartbreakers,2001,110,40000000,6.2,PG-13,"comedy, romance"
Heartlands,2002,90,NA,6.2,PG-13,"drama, comedy"
Hearts in Atlantis,2001,101,31000000,6.7,PG-13,drama
Heaven,2002,96,11000000,7.3,R,drama
"Hebrew Hammer, The",2003,87,NA,6.3,R,comedy
Hedwig and the Angry Inch,2001,93,6000000,7.7,R,"drama, comedy, romance"
Heights,2005,93,NA,4,R,drama
"Helix... Loaded, The",2005,97,1000000,2.3,R,"action, comedy"
Hellboy,2004,132,66000000,6.7,PG-13,action
Herman U.S.A.,2001,92,NA,5.6,PG-13,"comedy, romance"
Hey Arnold! The Movie,2002,76,10000000,4.8,PG,"comedy, animation"
Hidalgo,2004,136,78000000,6.6,PG-13,"action, drama"
Hidden Agenda,2001,98,5000000,4.2,R,action
Hide and Seek,2005,101,30000000,5.2,R,drama
High Crimes,2002,115,42000000,6.1,PG-13,drama
High Heels and Low Lifes,2001,86,NA,6.1,R,"action, drama, comedy"
High Times Potluck,2002,90,NA,3.5,R,comedy
Highwaymen,2003,80,NA,5.6,R,action
"Hija del canibal, La",2003,110,NA,6.5,R,"drama, comedy, romance"
"Hijo de la novia, El",2001,123,NA,7.7,R,"drama, comedy"
"Hillz, The",2004,91,100000,3.1,R,"drama, comedy"
HipHopBattle.com: Hip Hop 4 Life,2001,98,12000,5.7,PG-13,"drama, comedy, romance"
Hitch,2004,12,NA,6.9,PG-13,"drama, short"
"Hitchhiker's Guide to the Galaxy, The",2005,110,50000000,6.9,PG,comedy
Holes,2003,117,30000000,7.2,PG,"drama, comedy"
Hollywood Ending,2002,112,16000000,6.3,PG-13,"drama, comedy"
Hollywood Homicide,2003,116,75000000,5.2,PG-13,"action, comedy"
Hollywood North,2003,89,7000000,5.7,R,comedy
"Hollywood Sign, The",2001,90,12000000,5.3,R,comedy
Hollywood Vampyr,2002,90,NA,5.2,R,drama
"Holy Land, The",2001,102,NA,6.9,R,drama
Home Room,2002,133,NA,7.3,R,drama
"Home at the End of the World, A",2004,96,6500000,6.5,R,"drama, romance"
Home on the Range,2004,76,110000000,5.4,PG,"comedy, animation"
"Homem Que Copiava, O",2003,124,NA,8.4,R,"drama, comedy, romance"
Hometown Legend,2002,108,2000000,4.6,PG,drama
"Homme du train, L'",2002,90,NA,7.4,R,drama
Honey,2003,94,17000000,3.9,PG-13,"drama, romance"
Hoover Street Revival,2002,104,NA,7.2,PG-13,documentary
Hope Springs,2003,92,NA,5,PG-13,"comedy, romance"
"Hostage Negotiator, The",2001,87,NA,5.1,PG-13,drama
"Hot Chick, The",2002,100,NA,5.6,PG-13,comedy
Hotel Rwanda,2004,121,NA,8.5,PG-13,drama
"Hours, The",2002,114,25000000,7.6,PG-13,drama
"House Next Door, The",2002,87,NA,4.5,R,drama
House of D,2004,97,NA,6.1,PG-13,drama
House of Sand and Fog,2003,126,16000000,7.8,R,drama
House of the Dead,2003,90,7000000,2.3,R,action
"House on Turk Street, The",2002,103,12000000,5.5,R,drama
How Harry Became a Tree,2001,99,6000000,6.7,R,drama
How High,2001,95,12000000,4.9,R,comedy
How to Deal,2003,102,16000000,5.5,PG-13,"drama, comedy, romance"
How to Get the Man's Foot Outta Your Ass,2003,109,NA,7.6,R,drama
How to Lose a Guy in 10 Days,2003,116,50000000,6.1,PG-13,"comedy, romance"
Hulk,2003,138,120000000,6.1,PG-13,"action, drama"
Human Nature,2001,96,NA,6.1,R,comedy
"Human Stain, The",2003,106,NA,6.4,R,"drama, romance"
Hundstage,2001,127,NA,7,R,drama
"Hunted, The",2003,117,NA,5.5,R,"action, drama"
I Am David,2003,90,NA,6.5,PG,drama
I Am Sam,2001,132,22000000,7.2,PG-13,drama
I Capture the Castle,2003,111,8000000,7,R,"drama, romance"
I Heart Huckabees,2004,106,22000000,7,R,comedy
I Love You Baby,2001,110,NA,5.7,R,"comedy, romance"
I Love Your Work,2003,104,NA,4.6,R,drama
I Spy,2002,97,70000000,5.3,PG-13,"action, comedy"
I'll Be There,2003,109,NA,5.2,PG-13,"comedy, romance"
I'll Sleep When I'm Dead,2003,103,NA,5.8,R,drama
I'm with Lucy,2002,90,15000000,6.2,R,"comedy, romance"
"I, Robot",2004,115,105000000,7,PG-13,action
Ice Age,2002,81,60000000,7.3,PG,"comedy, animation"
IceMaker,2003,92,NA,5.8,R,"action, comedy"
Identity,2003,90,30000000,7.3,R,drama
Igby Goes Down,2002,99,9000000,7.1,R,"drama, comedy"
Ignition,2001,96,NA,5,R,"action, drama"
Imaginary Heroes,2004,112,10000000,7,R,"drama, comedy"
Imagining Argentina,2003,107,NA,5.9,R,"drama, romance"
"Importance of Being Earnest, The",2002,97,15000000,6.8,PG,"drama, comedy, romance"
Impostor,2002,102,40000000,5.8,R,"action, drama"
In America,2002,105,NA,8.1,R,"drama, romance"
In Enemy Hands,2004,94,NA,6.2,R,"action, drama"
In Good Company,2004,109,NA,7.1,PG-13,"drama, comedy"
In This World,2002,88,1900000,7.8,R,drama
In Your Face,2002,105,NA,7.4,PG-13,action
In the Bedroom,2001,130,1700000,7.4,R,drama
In the Shadows,2001,105,10000000,4.8,R,drama
Incident at Loch Ness,2004,94,1400000,6.4,PG-13,comedy
"Incredibles, The",2004,121,92000000,8.3,PG,"action, comedy, animation"
Inheritance,2004,89,NA,5.4,R,drama
Inside Deep Throat,2005,92,NA,6.7,NC-17,documentary
Inside I'm Dancing,2004,104,NA,6.7,R,drama
Insomnia,2002,118,46000000,7.3,R,drama
Instinct to Kill,2001,90,NA,4.4,R,action
Intacto,2001,104,NA,6.8,R,drama
"Intended, The",2002,110,3800000,6.8,R,drama
Intermission,2003,102,5000000,6.4,R,"drama, comedy"
"Interpreter, The",2005,128,80000000,6.6,PG-13,drama
Interstate 60,2002,116,7000000,7.7,R,"drama, comedy"
Interview with the Assassin,2002,88,750000,6.7,R,drama
Intimacy,2001,115,NA,6.6,R,drama
Into the Sun,2005,97,16000000,4,R,action
Intolerable Cruelty,2003,100,60000000,6.6,PG-13,"comedy, romance"
"Invasions barbares, Les",2003,112,5000000,7.9,R,"drama, comedy"
"Invisible Circus, The",2001,92,NA,5.3,R,drama
Io non ho paura,2003,107,NA,7.7,R,drama
It Runs in the Family,2003,109,NA,5.4,PG-13,drama
It's All About Love,2003,105,NA,5.7,R,"drama, romance"
It's All Gone Pete Tong,2004,90,NA,8,R,"drama, comedy"
"Italian Job, The",2003,111,60000000,6.9,PG-13,action
Jackass: The Movie,2002,87,5000000,6.1,R,"comedy, documentary"
Jacked,2001,120,NA,4.8,R,drama
Jackpot,2001,97,400000,5.2,R,"drama, comedy"
Jake's Booty Call,2003,77,50000,7,R,comedy
Jane White Is Sick & Twisted,2002,84,NA,5.3,R,"drama, comedy, romance"
Japanese Story,2003,105,5740000,7,R,drama
Jay and Silent Bob Strike Back,2001,104,22000000,6.9,R,comedy
Jeepers Creepers,2001,90,10000000,5.4,R,drama
Jericho Mansions,2003,98,NA,5,R,drama
Jersey Girl,2004,102,35000000,6.4,PG-13,"drama, comedy"
Jersey Guy,2003,90,NA,1,R,"drama, comedy"
Jeux d'enfants,2003,93,NA,7,R,"drama, romance"
Jian gui,2002,94,NA,6.9,R,drama
Jibeuro,2002,88,NA,7.5,PG,drama
Jiminy Glick in La La Wood,2004,90,NA,6.3,R,comedy
"Jimmy Show, The",2001,99,1000000,4.6,R,"drama, comedy"
Joe Dirt,2001,91,16000000,5.1,PG-13,"comedy, romance"
Joe Somebody,2001,98,38000000,5.5,PG,"drama, comedy, romance"
John Q,2002,116,36000000,6.4,PG-13,drama
Johnny English,2003,87,35000000,5.6,PG,"action, comedy"
Johnson Family Vacation,2004,97,12000000,3.6,PG-13,comedy
Josie and the Pussycats,2001,98,22000000,5.2,PG-13,comedy
Juana la Loca,2001,115,NA,6.5,R,drama
Judgment,2001,105,11000000,4.6,PG-13,drama
Julie Walking Home,2002,118,5000000,7.3,R,"drama, romance"
Jump Tomorrow,2001,97,NA,6.8,PG,"drama, comedy, romance"
Jurassic Park III,2001,92,93000000,5.6,PG-13,action
Just Married,2003,95,NA,5,PG-13,"comedy, romance"
Just a Kiss,2002,89,NA,5.2,R,"comedy, romance"
Juwanna Mann,2002,91,15600000,3.9,PG-13,comedy
K-19: The Widowmaker,2002,140,100000000,6.6,PG-13,drama
K-PAX,2001,120,48000000,7.2,PG-13,drama
Kaante,2002,150,NA,5.2,R,drama
Kangaroo Jack,2003,89,60000000,3.9,PG,comedy
Kart Racer,2003,94,NA,5.7,PG,"drama, comedy"
Kate & Leopold,2001,123,48000000,6.3,PG-13,"comedy, romance"
Keane,2004,100,850000,6.3,R,drama
Kept,2001,98,NA,4.3,R,drama
Kevin of the North,2001,100,NA,4.4,PG-13,comedy
Kicking & Screaming,2005,95,NA,6.3,PG,comedy
"Kid Stays In the Picture, The",2002,93,NA,7.5,R,documentary
Kids World,2001,93,NA,4.6,PG,comedy
Kill Bill: Vol. 1,2003,111,55000000,8.3,R,"action, drama"
Kill Bill: Vol. 2,2004,136,30000000,8.3,R,"action, drama"
Kill Me Later,2001,89,NA,5.9,R,"drama, romance"
Killer Bud,2001,92,NA,3.7,R,comedy
Killer Diller,2004,95,NA,7.6,PG-13,drama
"Killer Within, A",2004,110,NA,5,R,drama
Killing Me Softly,2002,104,25000000,5.4,R,drama
King Arthur,2004,140,90000000,6,R,"action, drama"
King Rikki,2002,91,NA,4.2,R,drama
King of the Jungle,2001,87,NA,5.8,R,drama
King's Ransom,2005,95,NA,2,PG-13,comedy
Kingdom of Heaven,2005,145,130000000,7,R,"action, drama"
Kinsey,2004,118,11000000,7.6,R,drama
Kiss of the Dragon,2001,98,25000000,6.2,R,"action, drama"
Kiss the Bride,2002,89,NA,5.5,R,"drama, romance"
"Kiss, The",2004,25,6000,5.8,PG-13,short
Kissing Jessica Stein,2001,97,1000000,7,R,"comedy, romance"
Knafayim Shvurot,2002,84,NA,7.9,R,drama
"Knight's Tale, A",2001,132,41000000,6.5,PG-13,"action, comedy"
Knockaround Guys,2001,91,NA,5.9,R,"action, drama, comedy"
Knots,2004,93,NA,7.5,R,comedy
Kukushka,2002,105,NA,7.9,PG-13,"drama, comedy"
Kung Phooey!,2003,87,NA,4.1,R,comedy
Kung Pow: Enter the Fist,2002,82,10000000,5.1,PG-13,"action, comedy"
L.A. D.J.,2004,92,NA,4.9,R,comedy
L.I.E.,2001,97,NA,7.2,R,drama
Ladder 49,2004,115,NA,6.5,PG-13,"action, drama"
Ladies in Lavender,2004,103,NA,6.9,PG-13,drama
Lady Killers,2003,90,NA,3.1,PG-13,comedy
"Ladykillers, The",2004,104,35000000,6.4,R,comedy
Lagaan: Once Upon a Time in India,2001,224,NA,7.5,PG,"drama, romance"
Lan yu,2001,89,NA,7,R,"drama, romance"
Lana's Rain,2002,107,215000,7.1,R,drama
Landspeed,2002,94,NA,4.5,PG-13,"action, drama"
Lantana,2001,121,NA,7.6,R,drama
Lara Croft Tomb Raider: The Cradle of Life,2003,117,90000000,5.2,PG-13,action
Lara Croft: Tomb Raider,2001,100,80000000,5.2,PG-13,action
"Last Castle, The",2001,131,60000000,6.4,R,"action, drama"
"Last Minute, The",2001,104,NA,6,R,drama
Last Orders,2001,109,12000000,7.1,R,drama
Last Run,2001,91,NA,4.8,R,action
"Last Samurai, The",2003,154,100000000,7.9,R,"action, drama"
"Last Shot, The",2004,93,NA,5.5,R,comedy
Last Wedding,2001,100,NA,6.4,R,"drama, comedy"
Latter Days,2003,107,850000,7.3,R,"drama, comedy, romance"
Laurel Canyon,2002,103,NA,6.5,R,drama
"Lawless Heart, The",2001,86,NA,7,R,"drama, comedy"
Laws of Attraction,2004,90,28000000,5.7,PG-13,"comedy, romance"
Layer Cake,2004,105,NA,7.1,R,"action, drama"
"League of Extraordinary Gentlemen, The",2003,110,78000000,5.4,PG-13,action
"Learning Curve, The",2001,113,1000000,5.2,R,drama
Legally Blonde,2001,96,18000000,6.4,PG-13,comedy
"Legally Blonde 2: Red, White & Blonde",2003,95,45000000,4.4,PG-13,comedy
Legend of the Phantom Rider,2002,100,NA,5.8,R,action
Legion of the Dead,2001,92,2700000,3.4,R,comedy
Lemony Snicket's A Series of Unfortunate Events,2004,108,125000000,6.7,PG,comedy
Leo,2002,103,NA,6.4,R,drama
Lethal,2005,90,NA,1.8,R,action
Levity,2003,100,7500000,6.4,R,drama
Liars Club,2001,99,NA,6.1,R,"comedy, romance"
Liberty Stands Still,2002,92,11000000,5.6,R,drama
"Life Aquatic with Steve Zissou, The",2004,118,25000000,7.3,R,"drama, comedy"
Life Without Dick,2001,97,NA,4.1,PG-13,"comedy, romance"
Life as a House,2001,127,18000000,7.5,R,"drama, comedy"
"Life of David Gale, The",2003,130,50000000,7.1,R,drama
Life or Something Like It,2002,105,NA,5.7,PG-13,"comedy, romance"
Life/Drawing,2001,89,NA,7.6,R,"comedy, romance"
Lightning in a Bottle,2004,108,NA,6.2,PG-13,documentary
Like Mike,2002,99,30000000,4.9,PG,comedy
Lilja 4-ever,2002,109,NA,8,R,drama
Lilo & Stitch,2002,86,80000000,7.3,PG,"drama, comedy, animation"
Lip Service,2001,95,NA,4.2,R,"drama, comedy"
Liquid Bridge,2003,98,NA,3.5,R,"action, drama"
Little Black Book,2004,111,35000000,4.7,PG-13,"drama, comedy, romance"
"Little Inside, A",2001,95,NA,5.6,PG,"drama, comedy"
Little Secrets,2001,97,2500000,6.9,PG,drama
Live Forever,2003,82,NA,6.8,R,documentary
"Lizzie McGuire Movie, The",2003,94,17000000,5,PG,comedy
Lloyd,2001,74,NA,5,PG,"drama, comedy"
Lone Star State of Mind,2002,88,NA,5.6,PG-13,comedy
Looney Tunes: Back in Action,2003,91,80000000,6.1,PG,"action, comedy, animation"
"Lord of the Rings: The Fellowship of the Ring, The",2001,208,93000000,8.8,PG-13,action
"Lord of the Rings: The Return of the King, The",2003,251,94000000,9,PG-13,action
"Lord of the Rings: The Two Towers, The",2002,223,94000000,8.8,PG-13,action
Lost In La Mancha,2002,89,NA,7.4,R,documentary
Lost Junction,2003,95,NA,5.1,R,"drama, romance"
"Lost Skeleton of Cadavra, The",2001,90,NA,6.7,PG,comedy
Lost Treasure,2003,85,NA,3.9,R,action
Lost and Delirious,2001,103,NA,7,R,"drama, romance"
Lost in Translation,2003,102,4000000,8,R,"drama, comedy"
"Lot Like Love, A",2005,107,30000000,4.6,PG-13,"drama, comedy, romance"
Love Actually,2003,129,NA,7.7,R,"drama, comedy, romance"
Love Don't Cost a Thing,2003,100,NA,4.1,PG-13,"drama, comedy, romance"
Love In the Time of Money,2002,90,NA,5.5,R,"drama, comedy"
Love Liza,2002,90,1000000,6.6,R,drama
Love Object,2003,88,1000000,6.3,R,comedy
"Love Song for Bobby Long, A",2004,119,NA,6.7,R,drama
Love and a Bullet,2002,85,NA,5.2,R,action
Love the Hard Way,2001,104,NA,6.1,R,"drama, romance"
"Love, Sex and Eating the Bones",2003,100,NA,5.7,R,"comedy, romance"
Lovely & Amazing,2001,91,250000,6.9,R,"drama, comedy"
Lucky,2002,83,NA,6.2,R,comedy
Lucky 13,2004,95,1200000,5.7,R,"comedy, romance"
Lucky Break,2001,108,6000000,6.3,PG-13,comedy
"Lunes al sol, Los",2002,113,4000000,7.8,R,drama
Luther,2003,121,NA,7.1,PG-13,drama
M.O. of M.I.,2002,90,NA,5.5,R,drama
Ma femme est une actrice,2001,93,NA,6.7,R,"drama, comedy"
Made,2001,94,5000000,6.5,R,"drama, comedy"
Made-Up,2002,96,NA,6.5,PG-13,"drama, comedy"
Madison,2001,94,NA,5.8,PG,drama
"Magdalene Sisters, The",2002,119,NA,8,R,drama
Maid in Manhattan,2002,105,55000000,4.6,PG-13,"comedy, romance"
Mail Order Bride,2003,84,NA,4.2,R,comedy
Mail Order Wife,2004,92,NA,7,R,comedy
"Majestic, The",2001,156,72000000,6.7,PG,"drama, romance"
Malevolent,2002,95,NA,5,R,drama
Malibu's Most Wanted,2003,86,16000000,4.9,PG-13,comedy
Mambo italiano,2003,92,NA,6.6,R,comedy
"Man Apart, A",2003,110,36000000,5.4,R,"action, drama"
"Man Who Wasn't There, The",2001,118,20000000,7.7,R,"drama, comedy"
"Man from Elysian Fields, The",2001,106,6500000,6.8,R,drama
Man of the House,2005,97,40000000,5.2,PG-13,"action, comedy"
Man on Fire,2004,146,70000000,7.4,R,"action, drama"
Man-Thing,2005,96,30000000,3.8,R,action
Maniacts,2001,92,NA,5.7,R,"action, comedy, romance"
Manic,2001,100,NA,7.4,R,drama
Manna From Heaven,2002,119,NA,5.9,PG,comedy
"Manson Family, The",2003,95,NA,5.1,R,drama
"Maquinista, El",2004,102,5000000,7.7,R,drama
Marci X,2003,80,20000000,2.8,R,comedy
Maria Full of Grace,2004,101,NA,7.7,R,drama
Marilyn's Man,2004,92,825000,7.6,PG,documentary
Martin Lawrence Live: Runteldat,2002,113,3000000,4.6,R,"comedy, documentary"
Masked and Anonymous,2003,112,NA,4.9,PG-13,"drama, comedy"
Master and Commander: The Far Side of the World,2003,138,150000000,7.5,PG-13,"action, drama"
"Master of Disguise, The",2002,80,16000000,2.9,PG,comedy
Matchstick Men,2003,120,NA,7.4,PG-13,"drama, comedy"
"Matrix Reloaded, The",2003,138,127000000,7.1,R,action
"Matrix Revolutions, The",2003,125,110000000,6.3,R,action
Max Keeble's Big Move,2001,86,12000000,5.3,PG,comedy
May,2002,93,1700000,6.8,R,drama
Mayor of the Sunset Strip,2003,94,NA,7.5,R,documentary
Me Without You,2001,107,NA,6.6,R,drama
Me and You and Everyone We Know,2005,90,NA,5.7,R,drama
Mean Creek,2004,89,500000,7.3,R,drama
Mean Girls,2004,97,17000000,7,PG-13,"drama, comedy"
Mean Machine,2001,101,NA,6.1,R,"drama, comedy"
"Medallion, The",2003,88,41000000,4.5,PG-13,"action, comedy"
"Medicine Show, The",2001,100,NA,6.3,R,"drama, comedy, romance"
Meet the Fockers,2004,115,80000000,6.5,PG-13,comedy
Melinda and Melinda,2004,100,NA,6.8,PG-13,"drama, comedy"
Melvin Goes to Dinner,2003,83,NA,7.3,R,"drama, comedy"
Men in Black II,2002,88,140000000,5.6,PG-13,"action, comedy"
Men with Brooms,2002,102,7500000,5.9,R,"drama, comedy, romance"
"Mentale, La",2002,106,NA,5.2,R,"action, drama"
"Merchant of Venice, The",2004,138,30000000,7.3,R,"drama, comedy"
Metoroporisu,2001,107,14500000,7.3,PG-13,"action, drama, romance, animation"
"Mexican, The",2001,123,38000000,6,R,"comedy, romance"
"Mi Casa, Su Casa",2003,94,NA,5.1,PG,comedy
Michael Moore Hates America,2004,125,200000,4.2,R,documentary
Mickey,2004,90,6000000,5.4,PG,drama
"Mighty Wind, A",2003,91,NA,7.3,PG-13,comedy
Million Dollar Baby,2004,132,30000000,8.3,PG-13,drama
Millions,2004,98,NA,7.9,PG-13,"drama, comedy"
"Milwaukee, Minnesota",2003,95,NA,6.6,R,drama
Mind the Gap,2004,134,NA,4.5,R,"drama, comedy"
Mindhunters,2004,102,27000000,6.3,R,action
Mindstorm,2001,97,NA,4.2,R,action
Minority Report,2002,145,102000000,7.8,PG-13,"action, drama"
Miracle,2004,135,NA,7.7,PG,drama
Miranda,2002,90,NA,5.7,R,romance
Miss Congeniality 2: Armed and Fabulous,2005,115,NA,5,PG-13,comedy
Modigliani,2004,128,12000000,7,R,drama
Mona Lisa Smile,2003,117,65000000,6.1,PG-13,"drama, comedy, romance"
Mondovino,2004,159,NA,7.2,PG-13,documentary
Monkeybone,2001,92,75000000,4.7,PG-13,"comedy, animation"
Monsieur Ibrahim et les fleurs du Coran,2003,96,NA,7.4,R,drama
Monsoon Wedding,2001,114,NA,7.4,R,"drama, romance"
Monsoon Wife,2004,92,1000000,4.7,R,drama
Monster,2003,109,8000000,7.4,R,drama
Monster's Ball,2001,112,4000000,7.3,R,"drama, romance"
Monster-in-Law,2005,102,60000000,5.6,PG-13,"comedy, romance"
Moonlight Mile,2002,117,20000000,6.9,PG-13,"drama, romance"
Morvern Callar,2002,97,NA,6.3,R,drama
Motives,2004,87,NA,4.5,R,drama
Moulin Rouge!,2001,127,52500000,7.7,PG-13,"drama, romance"
Mr 3000,2004,104,30000000,5.7,PG-13,"drama, comedy"
Mr. Bones,2001,101,NA,3,PG,comedy
Mr. Deeds,2002,96,50000000,5.5,PG-13,"comedy, romance"
Mr. Smith Gets a Hustler,2002,83,NA,4.8,R,drama
Mu Sa Do,2002,93,NA,3.6,R,action
"Mudge Boy, The",2003,94,800000,6.8,R,drama
Mule Skinner Blues,2001,93,NA,6.3,R,documentary
Mulholland Dr.,2001,147,15000000,7.9,R,drama
Mulletville,2002,93,NA,6.6,R,comedy
"Mummy Returns, The",2001,130,98000000,6.1,PG-13,action
"Musketeer, The",2001,104,40000000,4.4,PG-13,"action, drama, romance"
Mutant Aliens,2001,81,200000,6.4,R,"comedy, animation"
My Baby's Daddy,2004,88,NA,3.8,PG-13,comedy
My Big Fat Greek Wedding,2002,95,5000000,6.9,PG,"comedy, romance"
My Boss's Daughter,2003,90,14000000,4.1,R,"comedy, romance"
My First Mister,2001,109,NA,7.2,R,"drama, comedy"
My Life Without Me,2003,107,NA,7.6,R,"drama, romance"
My Name Is Modesty: A Modesty Blaise Adventure,2003,78,NA,4.3,R,drama
My Summer of Love,2004,86,NA,7.3,R,drama
"Mystic Masseur, The",2001,117,2500000,5.2,PG,drama
Mystic River,2003,137,30000000,8,R,drama
"NASCAR 3D: The IMAX Experience",2004,40,NA,7,PG,"documentary, short"
Nailed,2001,90,NA,4.2,R,"drama, romance"
Napoleon Dynamite,2004,86,400000,7.2,PG,comedy
Naqoyqatsi,2002,89,3000000,6.9,PG,documentary
Narc,2002,105,7500000,7.3,R,drama
National Lampoon Presents Dorm Daze,2003,96,NA,4.2,R,comedy
National Security,2003,88,NA,4.6,PG-13,"action, comedy"
National Treasure,2004,131,100000000,6.6,PG,action
"Navigators, The",2001,96,NA,6.8,R,"drama, comedy"
Near Death,2004,95,NA,2.3,R,action
Ned Kelly,2003,110,NA,6.3,R,drama
Never Again,2001,98,500000,5.7,R,"comedy, romance"
Never Die Alone,2004,88,NA,5.1,R,drama
Never Get Outta the Boat,2002,97,NA,4.7,R,drama
New Best Friend,2002,91,NA,5.2,R,drama
"New Guy, The",2002,89,13000000,5.2,PG-13,comedy
New Port South,2001,95,NA,5,PG-13,drama
New Suit,2002,94,NA,5.8,R,comedy
"Next Big Thing, The",2001,87,NA,6,R,"drama, comedy, romance"
Nicholas Nickleby,2002,132,10000000,7.4,PG,drama
Nicotina,2003,90,NA,6.4,R,comedy
Night at the Golden Eagle,2002,87,NA,5.8,R,drama
Nikita Blues,2001,85,NA,3.1,R,drama
Nine Dead Gay Guys,2002,83,NA,6.2,R,comedy
Nirgendwo in Afrika,2001,141,NA,8,R,drama
No Man's Land,2001,98,NA,7.9,R,"drama, comedy"
No Such Thing,2001,102,NA,6.5,R,"drama, comedy"
No Turning Back,2001,101,NA,5.7,R,drama
No somos nadie,2002,93,NA,4.3,R,drama
Nobody Knows Anything!,2003,88,NA,4.4,R,comedy
Nobody's Baby,2001,110,NA,6.2,R,comedy
Nochnoy dozor,2004,115,4200000,6.3,R,action
Noel,2004,96,NA,5.9,PG,drama
Nola,2003,97,NA,5.9,R,"comedy, romance"
Northfork,2003,103,1900000,6.2,PG-13,drama
Not Another Teen Movie,2001,89,16000000,5.2,R,comedy
"Notebook, The",2004,123,30000000,7.8,PG-13,"drama, romance"
November,2004,73,300000,2.8,R,drama
Novo,2002,98,NA,5.9,R,"drama, comedy, romance"
Novocaine,2001,95,6000000,5.9,R,"drama, comedy"
O,2001,95,5000000,6.3,R,"drama, romance"
Ocean's Eleven,2001,116,85000000,7.5,PG-13,comedy
Ocean's Twelve,2004,125,110000000,6,PG-13,comedy
Off the Lip,2004,87,NA,3.8,R,comedy
Off the Map,2003,105,NA,7.6,PG-13,drama
Old School,2003,92,24000000,6.7,R,comedy
Oldboy,2003,120,NA,8.4,R,action
Olive Juice,2001,88,NA,5.4,PG-13,"comedy, romance"
On the Borderline,2001,93,NA,5.5,R,drama
On the Line,2001,85,10000000,4.1,PG,"comedy, romance"
Once Upon a Time in Mexico,2003,102,29000000,6,R,action
Once Upon a Time in the Midlands,2002,104,NA,5.7,R,drama
One Eyed King,2001,105,6500000,5.1,R,drama
One Hell of a Christmas,2002,94,400000,2.7,R,comedy
One Hour Photo,2002,96,12000000,7.1,R,drama
One Night at McCool's,2001,93,NA,6.2,R,comedy
Ong-bak,2003,101,NA,7.2,R,action
Only the Strong Survive,2002,95,NA,6.6,PG-13,documentary
Onmyoji,2001,116,NA,6.1,R,"action, drama"
Open Range,2003,139,26000000,7.5,R,drama
Open Water,2003,79,130000,6.1,R,drama
Operation Balikatan,2003,91,NA,2.3,R,action
Operation Delta Force 4: Deep Fault,2001,96,NA,3.7,R,action
Orange County,2002,82,18000000,6.1,PG-13,"drama, comedy"
"Order, The",2001,89,NA,4.1,R,"action, drama"
"Original Latin Kings of Comedy, The",2002,86,NA,7.1,R,comedy
Original Sin,2001,116,26000000,5.5,R,"drama, romance"
Osama,2003,83,46000,7.5,PG-13,drama
Osmosis Jones,2001,95,75000000,6.2,PG,"comedy, animation"
"Other Brother, The",2002,94,NA,3.7,R,"drama, comedy"
"Other Side of Heaven, The",2001,113,7000000,6.5,PG,drama
"Others, The",2001,104,17000000,7.8,PG-13,drama
"Otro lado de la cama, El",2002,114,NA,6.9,R,"drama, comedy, romance"
Out Cold,2001,92,11000000,5.2,PG-13,comedy
Out for Blood,2004,95,NA,4,R,action
Out for a Kill,2003,88,20000000,3,R,action
Out of Line,2001,96,NA,4.9,R,"action, drama"
Out of Reach,2004,88,20000000,3.7,R,"action, drama, romance"
Out of Step,2002,90,NA,6.7,PG,drama
Outta Time,2002,94,NA,3.5,R,action
Overnight,2003,82,NA,7.5,R,documentary
Owning Mahowny,2003,104,10000000,7,R,drama
P.S.,2004,97,NA,6.3,R,"drama, comedy, romance"
P.S. Your Cat Is Dead,2002,88,2000000,4.7,R,comedy
"Pacifier, The",2005,95,56000000,4.9,PG,"action, comedy"
"Pacte des loups, Le",2001,152,NA,7,R,action
Paid in Full,2002,97,NA,6.1,R,"action, drama"
Panic,2001,91,NA,4.3,R,"action, drama"
Panic Room,2002,113,48000000,7,R,drama
Paparazzi,2004,84,20000000,5.6,PG-13,drama
Paper Soldiers,2002,88,NA,5.1,R,"action, comedy"
"Parole Officer, The",2001,93,NA,6.3,R,comedy
Party Monster,2003,98,5000000,5.8,R,drama
"Passion of the Christ, The",2004,127,30000000,7.4,R,drama
Passionada,2002,108,NA,6.1,PG-13,"drama, comedy, romance"
Pauline & Paulette,2001,106,NA,6.8,PG,"drama, comedy"
Pauly Shore Is Dead,2003,82,NA,5,R,comedy
Pavilion of Women,2001,111,5000000,5.3,R,drama
Paycheck,2003,119,60000000,6.1,PG-13,action
Pearl Harbor,2001,184,135250000,5.4,R,"action, drama, romance"
People I Know,2002,100,NA,5.5,R,"drama, romance"
"Perfect Score, The",2004,93,NA,5,PG-13,comedy
Perfect Strangers,2003,96,NA,5.2,PG-13,drama
"Perfect You, The",2002,90,NA,5.6,R,"comedy, romance"
Perfume,2001,106,NA,4.2,R,drama
Personal Velocity: Three Portraits,2002,86,NA,6.5,R,drama
Peter Pan,2003,113,100000000,7.2,PG,action
"Phantom of the Opera, The",2004,143,60000000,7.2,PG-13,"drama, romance"
Phase IV,2001,103,NA,4.9,R,"action, drama"
"Pianist, The",2002,150,35000000,8.5,R,drama
"Pianiste, La",2001,130,NA,7.2,R,drama
Pieces of April,2003,80,300000,7.3,PG-13,"drama, comedy"
Pipe Dream,2002,91,NA,6.3,R,"comedy, romance"
Pirates of the Caribbean: The Curse of the Black Pearl,2003,143,125000000,8,PG-13,"action, comedy"
"Placard, Le",2001,84,NA,7.1,R,comedy
Planet of the Apes,2001,119,100000000,5.6,PG-13,action
"Pledge, The",2001,123,45000000,6.9,R,drama
Plots with a View,2002,94,NA,6.5,R,"comedy, romance"
"Point Men, The",2001,88,6100000,4.6,R,action
Poolhall Junkies,2002,94,4000000,6.6,R,drama
Pootie Tang,2001,70,3000000,4.1,PG-13,"action, comedy"
Porn Star: The Legend of Ron Jeremy,2001,80,NA,6.6,R,documentary
Posers,2002,80,NA,4.1,R,drama
Power Play,2002,100,NA,3.6,R,action
"Powerpuff Girls, The",2002,73,10000000,6.2,PG,"action, comedy, animation"
Pressure Point,2001,90,NA,4.6,PG-13,action
Pretty When You Cry,2001,90,NA,4.1,R,drama
Prey for Rock & Roll,2003,104,NA,6.2,R,drama
Pride and Prejudice,2003,104,NA,5.8,PG,"comedy, romance"
Primer,2004,77,7000,6.4,PG-13,drama
"Prince & Me, The",2004,111,NA,5.6,PG,"comedy, romance"
"Proposal, The",2001,87,NA,5.3,R,drama
Prozac Nation,2001,99,9000000,6.2,R,drama
Pumpkin,2002,113,NA,6.2,R,"drama, comedy, romance"
Punch,2002,90,NA,6.5,R,drama
Punch-Drunk Love,2002,95,25000000,7.5,R,"drama, comedy, romance"
"Punisher, The",2004,124,33000000,6.2,R,action
Punto y aparte,2002,90,NA,4.8,R,drama
Purpose,2002,96,NA,5.2,R,drama
Qianxi manbo,2001,120,NA,6.3,R,drama
Queen's Messenger II,2001,90,4000000,6,R,action
"Quest, The",2003,80,NA,7.3,R,documentary
"Quickie, The",2001,99,NA,5.4,R,drama
"Quiet American, The",2002,101,30000000,7.4,R,"drama, romance"
R.I.C.C.O.,2002,104,NA,5.6,R,action
"R.M., The",2003,101,500000,5.3,PG,comedy
Rabbit-Proof Fence,2002,94,6000000,7.7,PG,drama
Race to Space,2001,104,NA,5.5,PG,drama
Rachel's Attic,2002,112,83000,2.4,R,"action, drama"
Racing Stripes,2005,84,NA,4.8,PG,"comedy, animation"
Radio,2003,109,35000000,6.9,PG,drama
Raise Your Voice,2004,103,15000000,4.3,PG,"drama, romance"
Raising Helen,2004,119,NA,5.7,PG-13,"drama, comedy"
Raising Victor Vargas,2002,88,800000,6.7,R,"drama, comedy, romance"
Rare Birds,2001,99,5000000,6.4,R,"drama, comedy"
Rat Race,2001,112,48000000,6.5,PG-13,comedy
"Real Cancun, The",2003,96,8000000,2.8,R,documentary
Real Women Have Curves,2002,87,3000000,7,PG-13,"drama, comedy"
"Reckoning, The",2003,112,NA,6.3,R,drama
Reconstruction,2003,90,NA,7.1,PG-13,"drama, romance"
Red Betsy,2003,98,NA,7.1,PG,"drama, romance"
Red Trousers: The Life of the Hong Kong Stuntmen,2003,93,NA,5.7,R,"action, short"
Reign of Fire,2002,101,95000000,5.8,PG-13,action
Rennie's Landing,2001,103,NA,4.8,R,drama
Repli-Kate,2002,121,4000000,5.6,R,comedy
Replicant,2001,95,NA,4.9,R,action
Resident Evil,2002,100,35000000,6.2,R,action
Resident Evil: Apocalypse,2004,94,50000000,5.6,R,action
Respiro,2002,90,NA,6.9,PG-13,"drama, comedy"
Retrograde,2004,93,NA,3,R,action
Returner,2002,116,NA,6.7,R,action
Returning Mickey Stern,2002,92,NA,3.7,PG-13,comedy
Revelation,2001,111,NA,4.6,R,drama
Rhinoceros Eyes,2003,92,NA,7.1,R,drama
Rick,2003,100,NA,6.3,R,drama
Ricordati di me,2003,125,NA,6.3,R,"drama, comedy, romance"
Ride or Die,2003,88,NA,3.9,R,"action, romance"
Riders,2002,83,15000000,5.1,R,action
Riding Giants,2004,105,NA,7.7,PG-13,documentary
Riding in Cars with Boys,2001,132,48000000,6.2,PG-13,"drama, comedy"
"Ring Two, The",2005,110,NA,5.1,PG-13,drama
"Ring, The",2002,115,45000000,7.4,PG-13,drama
Ripley's Game,2002,112,30000000,6.6,R,drama
"Rising Place, The",2001,93,NA,5,PG-13,drama
Road Dogs,2003,90,NA,5.7,R,drama
"Road Home, The",2003,104,NA,2.6,PG-13,"action, drama"
Road to Perdition,2002,117,80000000,7.7,R,drama
Road to Redemption,2001,89,NA,4.9,PG,"action, comedy"
Robots,2005,91,75000000,6.4,PG,"comedy, animation"
Rock School,2005,93,NA,5.3,R,documentary
Rock Star,2001,105,38000000,5.8,R,"drama, comedy"
Rocky Road,2001,90,NA,4.2,PG-13,drama
Roger Dodger,2002,106,NA,7.3,R,"drama, comedy"
Rokugatsu no hebi,2002,77,NA,6.9,R,drama
Rollerball,2002,97,70000000,2.8,R,action
Rolling Kansas,2003,89,NA,6.2,R,comedy
"Room, The",2003,99,6000000,2.7,R,"drama, comedy, romance"
Rosenstrasse,2003,136,NA,6.7,PG-13,drama
Route 666,2001,86,2300000,4,R,action
"Royal Tenenbaums, The",2001,111,21000000,7.6,R,"drama, comedy"
Ruang rak noi nid mahasan,2003,112,NA,7.9,R,"drama, romance"
Rub & Tug,2002,90,NA,5,R,comedy
Rude Boy: The Jamaican Don,2003,90,NA,2.8,R,action
Rugrats Go Wild!,2003,81,25000000,4.8,PG,"comedy, animation"
"Rules of Attraction, The",2002,110,4000000,6.7,R,"drama, comedy, romance"
Run Ronnie Run,2002,100,NA,6.3,R,comedy
Run for the Money,2002,116,NA,4.6,R,action
Runaway Jury,2003,127,60000000,7.1,PG-13,drama
"Rundown, The",2003,104,85000000,6.5,PG-13,"action, comedy"
Rush Hour 2,2001,86,90000000,6.5,PG-13,"action, comedy"
Russian Doll,2001,90,NA,5.9,R,"comedy, romance"
S Club Seeing Double,2003,91,NA,2.7,PG-13,"drama, comedy"
S.W.A.T.,2003,117,80000000,5.9,PG-13,action
S1m0ne,2002,117,NA,6.3,PG-13,"drama, comedy"
Sabretooth,2002,90,NA,3,R,action
"Saddest Music in the World, The",2003,99,NA,7.1,R,"drama, romance"
"Safety of Objects, The",2001,116,NA,6.6,R,drama
Sahara,2005,124,130000000,5.8,PG-13,"action, comedy"
Saint Ange,2004,98,NA,5.6,R,drama
Saint Ralph,2004,98,NA,7.8,PG-13,"drama, comedy"
Saints and Soldiers,2003,90,780000,6.9,PG-13,"action, drama"
"Salton Sea, The",2002,107,18000000,7.2,R,drama
Sam & Janet,2002,90,NA,3.7,PG-13,"drama, comedy, romance"
Samaria,2004,95,NA,7.3,R,drama
Samsara,2001,138,3000000,7.6,R,"action, drama, romance"
Savage Messiah,2002,94,NA,6.4,R,drama
Save the Last Dance,2001,112,13000000,6.1,PG-13,"drama, romance"
Saved!,2004,92,5000000,7.1,PG-13,"drama, comedy"
Saving Face,2004,91,NA,5.9,R,"drama, comedy, romance"
Saving Silverman,2001,96,22000000,5.4,R,"comedy, romance"
Say It Isn't So,2001,93,25000000,4.6,R,"comedy, romance"
Scary Movie 2,2001,83,45000000,4.2,R,comedy
Scary Movie 3,2003,84,45000000,5.3,PG-13,comedy
Scenes of the Crime,2001,81,NA,5.7,R,"action, drama"
"School of Rock, The",2003,108,20000000,7.4,PG-13,comedy
Schultze Gets the Blues,2003,114,NA,7.4,PG,"drama, comedy"
Sci-Fighter,2004,90,NA,3.7,PG-13,action
Scooby Doo 2: Monsters Unleashed,2004,93,NA,4.7,PG,comedy
Scooby-Doo,2002,86,84000000,4.8,PG,comedy
Scorcher,2002,91,NA,3.7,R,"action, drama"
"Score, The",2001,124,68000000,6.8,R,drama
"Scorpion King, The",2002,92,60000000,5.3,PG-13,action
"Scotland, Pa.",2001,104,NA,6.8,R,comedy
"Scoundrel's Wife, The",2002,95,NA,6.7,R,"drama, romance"
"Sea, The",2003,30,NA,7.6,R,short
Seabiscuit,2003,141,86000000,7.5,PG-13,drama
Searching for Debra Winger,2002,97,600000,5.6,R,documentary
Secondhand Lions,2003,120,30000000,7.4,PG,"drama, comedy"
"Secret Lives of Dentists, The",2002,105,NA,6.5,R,drama
Secret Window,2004,96,40000000,6.3,PG-13,drama
Secretary,2002,104,NA,7.2,R,"drama, comedy, romance"
See Spot Run,2001,94,16000000,5,PG,comedy
Seed of Chucky,2004,87,12000000,5.1,R,comedy
Seeing Other People,2004,90,NA,6.1,R,comedy
Sen to Chihiro no kamikakushi,2001,125,NA,8.6,PG,"drama, animation"
Sennen joyu,2001,87,NA,8,PG,"drama, comedy, romance, animation"
Sensual Friends,2001,93,NA,3.7,R,drama
September Tapes,2004,95,NA,6.1,R,drama
Serendipity,2001,90,28000000,6.6,PG-13,"comedy, romance"
Serial Killing 4 Dummys,2004,83,NA,4.7,R,comedy
Series 7: The Contenders,2001,86,NA,6.7,R,"drama, comedy"
Serving Sara,2002,99,29000000,4.6,PG-13,"comedy, romance"
Session 9,2001,97,1500000,6.6,R,drama
Sex Is Comedy,2002,94,NA,6,R,"drama, comedy, romance"
Shade,2003,101,6800000,6.5,R,drama
Shadow Fury,2001,89,NA,3.1,R,action
Shall We Dance,2004,106,40000000,6,PG-13,"drama, comedy, romance"
Shallow Hal,2001,113,40000000,6.1,PG-13,"drama, comedy, romance"
Shanghai Knights,2003,114,50000000,6.3,PG-13,"action, comedy"
"Shape of Things, The",2003,96,4000000,6.9,R,drama
Shark Hunter,2001,94,NA,3.1,R,action
Shark Tale,2004,90,75000000,5.9,PG,"action, comedy, animation"
Shattered Glass,2003,95,6000000,7.5,PG-13,drama
Shattered Lies,2002,95,NA,3.2,R,action
Shaun of the Dead,2004,99,4000000,7.9,R,comedy
She Hate Me,2004,138,NA,4.6,R,"drama, comedy"
Shi mian mai fu,2004,118,NA,7.6,PG-13,"action, drama, romance"
"Shipment, The",2001,92,NA,3.4,R,comedy
"Shipping News, The",2001,111,35000000,6.9,R,"drama, romance"
Shiqi sui de dan che,2001,113,NA,7.4,PG-13,drama
Showtime,2002,96,85000000,5.5,PG-13,"action, comedy"
Shrek,2001,90,60000000,8,PG,"comedy, romance, animation"
Shrek 2,2004,92,75000000,7.8,PG,"comedy, animation"
"Shrink Is In, The",2001,87,6000000,4.9,R,"comedy, romance"
Shu shan zheng zhuan,2001,104,NA,5.9,PG-13,action
Shura Yukihime,2001,93,NA,5.8,R,action
Shutter,2001,24,15000,3.5,R,short
Sidewalks of New York,2001,108,1000000,6.5,R,"comedy, romance"
Sideways,2004,123,16000000,8,R,"drama, comedy"
Signs,2002,108,72000000,7.1,PG-13,drama
Silver City,2004,129,NA,6.4,R,drama
Sin City,2005,124,45500000,8.3,R,action
Sin noticias de Dios,2001,112,NA,6.6,R,comedy
Sinbad: Legend of the Seven Seas,2003,86,60000000,6.5,PG,animation
"Singing Detective, The",2003,109,10000000,5.3,R,"drama, comedy"
"Singles Ward, The",2002,102,500000,5.7,PG,"drama, comedy, romance"
Siu lam juk kau,2001,89,NA,7.3,PG-13,"action, comedy"
Sixteen Years of Alcohol,2003,102,NA,5.4,R,drama
Skin Deep,2003,89,400000,3.8,R,"action, drama, comedy"
Skins,2002,84,NA,6.6,R,drama
Skippy,2001,90,NA,3.5,PG,"comedy, romance"
Sky Captain and the World of Tomorrow,2004,106,40000000,6.5,PG,action
Slackers,2002,86,11000000,4.7,R,comedy
Slap Her... She's French,2002,92,10000000,4.7,PG-13,comedy
"Slaughter Rule, The",2002,112,500000,6,R,drama
"Sleeping Dictionary, The",2003,109,12000000,6.1,R,"drama, romance"
Sleepover,2004,89,10000000,4.1,PG,comedy
"Sleepy Time Gal, The",2001,94,NA,6,R,drama
Smile,2005,107,NA,4.9,PG-13,drama
Snake Island,2002,90,NA,2.9,R,action
Snipes,2001,113,NA,5.7,R,drama
Snow Dogs,2002,99,35000000,5.1,PG,comedy
"Snow Walker, The",2003,103,NA,7.5,PG,drama
Soccer Dog: European Cup,2004,88,NA,4.8,PG,comedy
Sol Goode,2001,99,3000000,5.4,R,comedy
Solaris,2002,99,47000000,6.3,PG-13,"drama, romance"
Someone Like You...,2001,97,23000000,5.7,PG-13,"comedy, romance"
Something's Gotta Give,2003,128,NA,6.8,PG-13,"drama, comedy, romance"
Son de mar,2001,96,NA,5.8,R,"drama, romance"
Son of the Mask,2005,94,74000000,1.9,PG,"action, comedy"
Sonny,2002,110,NA,5.5,R,drama
Sons of Provo,2004,93,200000,4.3,PG,comedy
Sorority Boys,2002,93,12000000,5.1,R,comedy
Soul Assassin,2001,96,7000000,4,R,action
Soul Plane,2004,92,16000000,3.2,R,comedy
Soulkeeper,2001,105,NA,4.8,R,"action, comedy"
Spanglish,2004,130,80000000,6.7,PG-13,"drama, comedy, romance"
Spartan,2004,106,NA,6.9,R,drama
Spectres,2004,98,NA,5,PG-13,drama
Speed Demon,2003,85,NA,2.6,R,action
Spider,2002,94,8000000,6.8,R,drama
Spider's Web,2001,88,NA,3.7,R,romance
Spider-Man,2002,121,139000000,7.4,PG-13,action
Spider-Man 2,2004,127,200000000,7.9,PG-13,action
Spinning Boris,2003,112,NA,6.8,R,"drama, comedy"
"SpongeBob SquarePants Movie, The",2004,90,30000000,6.5,PG,"comedy, animation"
Spun,2002,106,2800000,6.2,R,"drama, comedy"
Spy Game,2001,126,92000000,7,R,"action, drama"
Spy Kids 2: Island of Lost Dreams,2002,99,39000000,5.8,PG,"action, comedy"
Spy Kids 3-D: Game Over,2003,84,39000000,4.7,PG,"action, comedy"
Stage Beauty,2004,110,NA,7.3,R,drama
Standard Time,2002,102,NA,5.8,PG-13,romance
Stander,2003,111,NA,7.2,R,"action, drama"
Standing in the Shadows of Motown,2002,108,NA,7.7,PG,documentary
"Stanza del figlio, La",2001,99,NA,7.4,R,drama
Star Trek: Nemesis,2002,116,70000000,6.5,PG-13,"action, drama"
Star Wars: Episode II - Attack of the Clones,2002,120,120000000,7,PG,action
Stark Raving Mad,2002,102,5000000,6.2,R,comedy
Starkweather,2004,92,1000000,4.6,R,drama
Starsky & Hutch,2004,101,60000000,6.3,PG-13,"action, comedy"
Startup.com,2001,105,NA,7.2,R,documentary
State Property,2002,88,NA,2.7,R,"action, drama"
State Property 2,2005,94,NA,3.7,R,"action, drama"
"Statement, The",2003,120,23000000,6.1,R,drama
Stateside,2004,97,16000000,5.4,R,drama
"Station Agent, The",2003,88,500000,8.1,R,drama
Stealing Harvard,2002,82,25000000,4.7,PG-13,"drama, comedy"
Stealing Sinatra,2003,96,NA,5.5,R,"drama, comedy"
Steamboy,2004,126,20000000,6.6,PG-13,"action, drama, animation"
Step Into Liquid,2003,88,NA,7.3,PG,documentary
"Stepford Wives, The",2004,93,90000000,5.3,PG-13,"drama, comedy"
Stevie,2002,140,NA,8.2,R,documentary
Stickmen,2001,98,NA,6.6,R,drama
"Stickup, The",2001,94,NA,6.2,R,action
Stoked: The Rise and Fall of Gator,2002,82,NA,7.2,R,documentary
Stolen Summer,2002,91,1500000,6.2,PG,drama
Stone Reader,2002,127,NA,7.4,PG-13,"drama, documentary"
Storm Watch,2002,100,NA,5.2,R,action
Storytelling,2001,87,NA,6.7,R,"drama, comedy"
Strange Bedfellows,2004,100,NA,6,R,comedy
Strange Hearts,2001,90,NA,5.5,R,"drama, comedy"
Strictly Sinatra,2001,97,NA,6.2,R,"drama, romance"
Stuart Little 2,2002,82,120000000,5.9,PG,comedy
Stuey,2003,110,NA,6,R,drama
Styx,2001,93,NA,4.4,R,action
Sucker Punch,2003,90,NA,3.4,R,"drama, comedy"
Suddenly Naked,2001,105,NA,5.7,R,"drama, romance"
Sugar & Spice,2001,84,11000000,5.3,PG-13,comedy
"Sum of All Fears, The",2002,123,68000000,6.6,PG-13,"action, drama"
Summer Catch,2001,105,17000000,4.5,PG-13,"comedy, romance"
Sunshine State,2002,141,5600000,7,PG-13,drama
Super Size Me,2004,100,300000,7.7,PG-13,documentary
Super Sucker,2002,93,NA,4.3,R,comedy
Super Troopers,2001,100,3000000,6.3,R,comedy
SuperBabies: Baby Geniuses 2,2004,88,NA,1.8,PG,comedy
Suriyothai,2001,142,NA,6.7,R,"action, drama"
Surviving Christmas,2004,91,NA,4.5,PG-13,comedy
Survivors Exposed,2001,93,NA,5.5,R,comedy
Suspect Zero,2004,99,27000000,5.7,R,drama
"Sweatbox, The",2002,86,NA,7.1,PG-13,documentary
Sweet Home Alabama,2002,108,38000000,5.8,PG-13,"drama, comedy, romance"
Sweet November,2001,115,40000000,5.5,PG-13,"drama, comedy, romance"
"Sweetest Thing, The",2002,90,43000000,4.7,R,"comedy, romance"
Swept Away,2002,89,10000000,3.8,R,"comedy, romance"
Swimfan,2002,85,8500000,4.5,PG-13,drama
Swimming Pool,2003,103,NA,6.9,R,drama
Swimming Upstream,2003,105,NA,7.5,PG-13,drama
Swordfish,2001,99,80000000,6.2,R,action
Sylvia,2003,110,NA,6.1,R,"drama, romance"
Tadpole,2002,78,150000,6.3,PG-13,"drama, comedy, romance"
Taegukgi hwinalrimyeo,2004,140,12800000,8.5,R,"action, drama"
Tail Sting,2001,97,NA,2.2,R,action
"Tailor of Panama, The",2001,109,18000000,6.1,R,"drama, comedy"
Taking Lives,2004,109,NA,5.7,R,drama
"Tale of Two Sisters, A",2004,15,NA,8,R,"drama, short"
Tape,2001,86,NA,7.2,R,drama
"Taqueria, La",2003,82,NA,6.3,R,comedy
Target,2004,84,NA,2.4,R,action
Target of Opportunity,2004,90,NA,6.5,R,"action, drama"
Tart,2001,94,3300000,4.6,R,drama
Teacher's Pet,2004,74,10000000,5.6,PG,"comedy, animation"
Team America: World Police,2004,98,30000000,7.3,R,"action, comedy"
Tears of the Sun,2003,121,70000000,6.2,R,"action, drama"
Ted Bundy,2002,99,1200000,5.2,R,drama
Teddy Bears' Picnic,2002,80,NA,3.4,R,comedy
Teknolust,2002,85,NA,5.1,R,"drama, romance"
Tell Them Who You Are,2004,95,NA,6.7,R,documentary
Tempo,2003,85,NA,4.7,R,romance
"Temps du loup, Le",2003,114,NA,6.4,R,drama
Ten Tiny Love Stories,2001,96,NA,5.9,R,drama
"Terminal, The",2004,128,60000000,7.1,PG-13,"drama, comedy, romance"
Terminator 3: Rise of the Machines,2003,109,175000000,6.9,R,action
"Tesseract, The",2003,96,NA,5.2,R,"action, drama"
Testosterone,2003,105,NA,5.4,R,drama
Texas,2002,78,NA,6.6,R,documentary
Texas 46,2002,96,NA,5.1,R,drama
"Texas Chainsaw Massacre, The",2003,98,9200000,5.9,R,action
Texas Rangers,2001,86,38000000,5.1,PG-13,drama
Things Behind the Sun,2001,120,NA,7.5,R,drama
Thir13en Ghosts,2001,87,20000000,5.1,R,comedy
"Third Society, The",2002,84,NA,4.4,R,"action, comedy"
Thirteen,2003,100,1500000,7.1,R,drama
Thirteen Conversations About One Thing,2001,104,3000000,7.2,R,drama
This Girl's Life,2003,104,NA,6.3,R,drama
This So-Called Disaster: Sam Shepard Directs the Late Henry Moss,2003,90,NA,5.8,R,documentary
Thunderbirds,2004,95,57000000,4.4,PG,"action, comedy"
Tian di ying xiong,2003,115,NA,6.4,R,"action, drama"
Ticker,2001,92,NA,3.3,R,action
Till Human Voices Wake Us,2002,101,NA,6,R,drama
Time Changer,2002,95,825000,4.5,PG,drama
"Time Machine, The",2002,96,80000000,5.5,PG-13,action
Timecop: The Berlin Decision,2003,82,NA,4.8,R,action
Tiptoes,2003,90,NA,4.9,R,"drama, comedy, romance"
To End All Wars,2001,110,NA,7.1,R,"action, drama"
Tokyo Godfathers,2003,93,NA,7.6,PG-13,"drama, comedy, animation"
Tomcats,2001,95,11000000,4.7,R,comedy
Torque,2004,81,40000000,3.2,PG-13,action
Tortilla Soup,2001,103,NA,5.9,PG-13,"drama, comedy, romance"
Totally Blonde,2001,94,NA,3.6,PG-13,comedy
Touch of Pink,2004,91,NA,6.8,R,"drama, comedy, romance"
"Touch, The",2002,103,20000000,4.5,PG-13,"action, romance"
Touching Wild Horses,2002,90,NA,6,PG,drama
Touching the Void,2003,106,NA,8.1,R,"drama, documentary"
Town & Country,2001,104,90000000,4.5,R,comedy
Training Day,2001,120,45000000,7.3,R,drama
"Transporter, The",2002,92,NA,6,PG-13,action
Treasure Planet,2002,95,140000000,6.6,PG,"drama, animation"
Trekkies 2,2004,93,NA,6.4,PG,documentary
Triggermen,2002,96,12000000,5.8,R,comedy
"Triplettes de Belleville, Les",2003,78,8000000,7.7,PG-13,"comedy, animation"
"Triumph of Love, The",2001,112,5000000,5.7,PG-13,"comedy, romance"
Trois 3: The Escort,2004,95,1000000,4.8,R,drama
Trojan Warrior,2002,95,NA,4.2,R,"action, comedy"
Troy,2004,162,185000000,7.1,R,"action, drama, romance"
True Blue,2001,97,NA,5.2,R,drama
Try Seventeen,2002,96,NA,6.1,R,"drama, comedy, romance"
Tuck Everlasting,2002,96,15000000,6.5,PG,"drama, romance"
Tuno negro,2001,98,NA,5,R,drama
Tupac: Resurrection,2003,90,NA,7.3,R,documentary
"Tuxedo, The",2002,98,60000000,5.1,PG-13,"action, comedy"
"Tweeling, De",2002,135,NA,8,R,"drama, romance"
Twist,2003,97,350000,6,R,drama
Two Brothers,2004,109,NA,6.9,PG,drama
Two Can Play That Game,2001,93,6000000,5.8,R,"comedy, romance"
Two Days,2003,90,NA,6.7,R,drama
Two Men Went to War,2002,109,NA,6.9,PG,"drama, comedy"
Two Weeks Notice,2002,101,60000000,5.8,PG-13,"comedy, romance"
Uh Oh!,2003,92,NA,7.6,PG,"action, comedy"
Ultimate X: The Movie,2002,44,NA,6.7,PG,"documentary, short"
"Ultimo bacio, L'",2001,115,NA,7,R,"drama, comedy"
Umi wa miteita,2002,119,NA,6.8,R,"drama, romance"
Uncle Nino,2003,104,NA,5.9,PG,"drama, comedy"
Unconditional Love,2002,120,NA,7.1,PG-13,"drama, comedy"
Under the Tuscan Sun,2003,113,18000000,6.7,PG-13,"drama, comedy, romance"
Undercover Brother,2002,85,25000000,6,PG-13,"action, comedy"
Undertow,2004,108,NA,6.9,R,drama
Undisputed,2002,96,20000000,5.6,R,"action, drama"
Unfaithful,2002,125,50000000,6.6,R,drama
Union Square,2003,90,NA,6,R,documentary
"United States of Leland, The",2003,108,NA,7,R,drama
Unstoppable,2004,96,15000000,4.8,R,"action, drama, comedy"
"Untergang, Der",2004,156,NA,8.4,R,drama
"Untold, The",2002,92,3000000,3.8,R,action
"Upside of Anger, The",2005,118,13200000,7.2,R,"drama, comedy, romance"
Uptown Girls,2003,93,NA,5.4,PG-13,"drama, comedy"
Va savoir,2001,157,NA,7.1,PG-13,"drama, comedy, romance"
Vampire Clan,2002,87,NA,4,R,drama
Vampires Anonymous,2003,88,NA,4.4,R,comedy
Vampires: Los Muertos,2002,93,NA,4.4,R,action
Vampires: The Turning,2005,84,NA,3.4,R,action
Van Helsing,2004,132,160000000,5.4,PG-13,action
Van Wilder,2002,94,6000000,5.8,R,comedy
Vanilla Sky,2001,136,68000000,6.9,R,"drama, romance"
Vanity Fair,2004,141,23000000,6.1,PG-13,"drama, romance"
"Vault, The",2005,87,100000,2.4,PG-13,action
Venus and Mars,2001,94,NA,5.3,R,"comedy, romance"
Vera Drake,2004,125,NA,7.9,R,drama
Veronica Guerin,2003,92,17000000,6.8,R,drama
View from the Top,2003,87,NA,5.1,PG-13,"comedy, romance"
Viktor Vogel - Commercial Man,2001,112,NA,5.6,R,comedy
"Village, The",2004,108,60000000,6.6,PG-13,drama
Virgin,2003,114,NA,6,R,drama
Virginia's Run,2002,101,NA,5.8,PG,drama
Vital,2004,86,NA,6.7,R,drama
Vital Parts,2001,87,NA,3.4,R,action
Viva Las Nowhere,2001,97,NA,6,R,"drama, comedy"
WXIII: Patlabor the Movie 3,2002,100,NA,6.6,R,"action, animation"
Waking Life,2001,101,NA,7.5,R,"drama, animation"
Waking Up in Reno,2002,91,NA,5.3,R,"comedy, romance"
Walk On Water,2004,104,NA,7.5,R,drama
"Walk to Remember, A",2002,101,11000000,6.8,PG,"drama, romance"
Walking Tall,2004,87,56000000,5.9,PG-13,"action, drama"
Warrior,2002,97,NA,1.7,R,"action, romance"
"Warrior, The",2001,86,NA,6.8,R,drama
"Was tun, wenn's brennt?",2001,101,NA,7.1,R,"drama, comedy"
Wasabi,2001,94,NA,6.4,R,"action, drama, comedy"
Washington Heights,2002,89,NA,5.9,R,"drama, romance"
Watchtower,2001,97,NA,4.5,R,drama
We Don't Live Here Anymore,2004,101,3000000,6.1,R,drama
We Sold Our Souls for Rock 'n Roll,2001,90,NA,3.3,R,documentary
We Were Soldiers,2002,143,75000000,7.1,R,"action, drama"
"Wedding Date, The",2005,90,15000000,5,PG-13,"comedy, romance"
"Wedding Planner, The",2001,103,35000000,4.9,PG-13,"comedy, romance"
Welcome to Collinwood,2002,86,12000000,6.1,R,comedy
Welcome to Mooseport,2004,117,26000000,5.3,PG-13,comedy
Wendigo,2001,91,NA,4.9,R,drama
Westender,2003,105,NA,6.3,PG-13,drama
Wet Hot American Summer,2001,97,NA,6.2,R,comedy
Whacked!,2002,91,NA,4.4,R,"action, comedy"
Whale Rider,2002,101,NA,8,PG-13,drama
Whasango,2001,95,NA,6.2,PG-13,action
What Alice Found,2003,96,NA,6.6,R,drama
What a Girl Wants,2003,105,20000000,5.7,PG,"drama, comedy, romance"
What's the Worst That Could Happen?,2001,97,45000000,5,PG-13,comedy
When Strangers Appear,2001,96,NA,6.5,R,"action, drama"
When Will I Be Loved,2004,81,NA,5.2,R,drama
When Zachary Beaver Came to Town,2003,85,3000000,7.9,PG,drama
White Chicks,2004,109,NA,4.8,PG-13,comedy
White Oleander,2002,109,16000000,6.9,PG-13,drama
Who Is Cletis Tout?,2001,92,NA,6.4,R,comedy
"Whole Ten Yards, The",2004,98,40000000,4.8,PG-13,comedy
Wicked Game,2002,95,NA,5.2,PG-13,action
Wicked Spring,2002,102,500000,5.6,PG-13,drama
Wicker Park,2004,114,30000000,6.4,PG-13,"drama, romance"
Wilbur Wants to Kill Himself,2002,105,NA,6.8,R,"drama, comedy"
"Wild Thornberrys Movie, The",2002,85,35000000,4.7,PG,"comedy, animation"
Willard,2003,100,22000000,6.2,PG-13,"drama, comedy"
Wimbledon,2004,98,31000000,6.3,PG-13,"drama, comedy, romance"
Win a Date with Tad Hamilton!,2004,95,24000000,5.8,PG-13,"comedy, romance"
Windfall,2001,102,NA,3.6,R,action
Windtalkers,2002,153,115000000,5.9,R,"action, drama"
Winter Solstice,2004,95,NA,7.2,R,drama
Wisegirls,2002,96,11000000,5.7,R,drama
Wish You Were Dead,2002,100,NA,4.7,R,comedy
With or Without You,2003,91,NA,4,R,"drama, comedy"
Without a Paddle,2004,95,19000000,5.4,PG-13,comedy
Wolves of Wall Street,2002,85,NA,2.8,R,action
"Woman Hunted, A",2003,94,NA,4.9,PG-13,drama
Woman Thou Art Loosed,2004,94,NA,6.3,R,drama
Women in Film,2001,89,NA,3,R,"drama, comedy"
"Woodsman, The",2004,87,NA,7.2,R,drama
"Work and the Glory, The",2004,118,7500000,6.3,PG,"drama, romance"
World Traveler,2001,103,2000000,5.4,R,drama
Wu jian dao,2002,101,NA,8,R,"action, drama"
X2,2003,133,110000000,7.9,PG-13,action
XX/XY,2002,91,NA,6.1,R,"drama, romance"
Xiao cheng zhi chun,2002,112,NA,7,PG,drama
"Year of the Yao, The",2004,88,NA,7.9,PG,documentary
"Yes Men, The",2003,83,NA,6.9,R,documentary
Yesterday,2004,96,NA,5.1,R,drama
Ying xiong,2002,93,30000000,8.1,PG-13,"action, drama"
Yo puta,2004,76,6000000,4.3,R,drama
Yossi & Jagger,2002,67,NA,7.9,R,"drama, romance"
You Got Served,2004,95,8000000,1.9,PG-13,drama
You're Killing Me...,2001,86,NA,5,R,comedy
Young Adam,2003,98,NA,6.5,R,drama
Zelary,2003,150,NA,7.5,R,"drama, romance"
Zhou Yu de huo che,2002,97,NA,6.3,PG-13,"drama, romance"
Zi hudie,2003,127,NA,5.7,R,drama
ZigZag,2002,101,NA,6,R,drama
Zoolander,2001,89,28000000,6.1,PG-13,comedy
Zuotian,2001,112,NA,6.7,R,drama
xXx,2002,132,85000000,5.5,PG-13,action
xXx: State of the Union,2005,101,87000000,3.9,PG-13,action
